Issue Date,Badge Class Name,Student_ID_anonymised,Narrative,Expiration Date,Claim Code Used,Revoked,Revocation Reason,Recipient Type,Image Url
2026-08-20T04:29:01.184Z,Authorised Program Officer (APO) Professional Development,,,,,TRUE,Manually revoked by Issuer,email,https://badges.parchment.au/public/assertions/Px9IO0PWRJyNSdq6FOq7Eg/image
2026-08-20T04:28:59.019Z,Authorised Program Officer (APO) Professional Development,,,,,TRUE,Manually revoked by Issuer,email,https://badges.parchment.au/public/assertions/-t1cPHfRREOoc1z08xTC2Q/image
2026-08-20T04:28:58.554Z,Authorised Program Officer (APO) Professional Development,,,,,TRUE,Manually revoked by Issuer,email,https://badges.parchment.au/public/assertions/fxGMA_KTSwyLh9Rbejxr5g/image
2026-08-20T04:28:57.486Z,Authorised Program Officer (APO) Professional Development,,,,,TRUE,Manually revoked by Issuer,email,https://badges.parchment.au/public/assertions/sER8PnJkQNivmzbdueYfBA/image
2026-08-20T04:28:57.361Z,Authorised Program Officer (APO) Professional Development,,,,,TRUE,Manually revoked by Issuer,email,https://badges.parchment.au/public/assertions/p0hcfm14QAqoo0GexXQaBg/image
2026-08-20T04:28:57.319Z,Authorised Program Officer (APO) Professional Development,,,,,TRUE,Manually revoked by Issuer,email,https://badges.parchment.au/public/assertions/r-LN5pR_R1CFXQVnKmZXVw/image
2026-08-20T04:28:57.117Z,Authorised Program Officer (APO) Professional Development,,,,,TRUE,Manually revoked by Issuer,email,https://badges.parchment.au/public/assertions/mdCzLGHPTMiGpXIQAxIovQ/image
2026-08-20T04:28:56.918Z,Authorised Program Officer (APO) Professional Development,,,,,TRUE,Manually revoked by Issuer,email,https://badges.parchment.au/public/assertions/_1z3ni7eTvygrD1XqHNixw/image
2026-08-20T04:28:56.887Z,Authorised Program Officer (APO) Professional Development,,,,,TRUE,Manually revoked by Issuer,email,https://badges.parchment.au/public/assertions/ekG5G1TqT1ykYjGep3dH6Q/image
2026-08-20T04:28:56.745Z,Authorised Program Officer (APO) Professional Development,,,,,TRUE,Manually revoked by Issuer,email,https://badges.parchment.au/public/assertions/GwfA4BpATV2Q2uDav479UA/image
2026-08-20T04:28:56.682Z,Authorised Program Officer (APO) Professional Development,,,,,TRUE,Manually revoked by Issuer,email,https://badges.parchment.au/public/assertions/q0mvS7vQRK2xIBR6NXYm6Q/image
2026-08-20T04:28:56.580Z,Authorised Program Officer (APO) Professional Development,,,,,TRUE,Manually revoked by Issuer,email,https://badges.parchment.au/public/assertions/f6Th9ooHS8SpjwxWGqLPYw/image
2026-08-20T04:28:55.176Z,Authorised Program Officer (APO) Professional Development,,,,,TRUE,Manually revoked by Issuer,email,https://badges.parchment.au/public/assertions/LmczKZX1T2iHHmRUYSzvDg/image
2026-08-20T04:28:55.162Z,Authorised Program Officer (APO) Professional Development,,,,,TRUE,Manually revoked by Issuer,email,https://badges.parchment.au/public/assertions/I--wdvAyRhmnNj0lZjNH3w/image
2026-08-20T04:28:55.136Z,Authorised Program Officer (APO) Professional Development,,,,,TRUE,Manually revoked by Issuer,email,https://badges.parchment.au/public/assertions/EnlPsdLkRfivGmRvOLffkw/image
2026-08-20T04:28:55.131Z,Authorised Program Officer (APO) Professional Development,,,,,TRUE,Manually revoked by Issuer,email,https://badges.parchment.au/public/assertions/13I-_wAASeai4gecKf4Kdw/image
2026-08-20T04:28:55.131Z,Authorised Program Officer (APO) Professional Development,,,,,TRUE,Manually revoked by Issuer,email,https://badges.parchment.au/public/assertions/QtEFaZ0EQguYQOwSDQMpeQ/image
2026-08-20T04:28:55.069Z,Authorised Program Officer (APO) Professional Development,,,,,TRUE,Manually revoked by Issuer,email,https://badges.parchment.au/public/assertions/JKbtbgFDR860Bx7EmR5kCQ/image
2026-08-20T04:28:54.962Z,Authorised Program Officer (APO) Professional Development,,,,,TRUE,Manually revoked by Issuer,email,https://badges.parchment.au/public/assertions/nNfI4mNcShGpRTeeDSoqYg/image
2026-08-20T04:28:54.931Z,Authorised Program Officer (APO) Professional Development,,,,,TRUE,Manually revoked by Issuer,email,https://badges.parchment.au/public/assertions/LzRvWvBSTA-jFfh308Kl_A/image
2026-08-20T04:28:54.913Z,Authorised Program Officer (APO) Professional Development,,,,,TRUE,Manually revoked by Issuer,email,https://badges.parchment.au/public/assertions/rv8IbO1MQOGs27W58Oq5xg/image
2026-08-20T04:28:54.879Z,Authorised Program Officer (APO) Professional Development,,,,,TRUE,Manually revoked by Issuer,email,https://badges.parchment.au/public/assertions/cZlqA7u2SWiFFQB5w94Dkg/image
2026-08-20T04:28:54.873Z,Authorised Program Officer (APO) Professional Development,,,,,TRUE,Manually revoked by Issuer,email,https://badges.parchment.au/public/assertions/5yPR6JVjSBeOW6HSlOMn3g/image
2026-08-20T04:28:54.868Z,Authorised Program Officer (APO) Professional Development,,,,,TRUE,Manually revoked by Issuer,email,https://badges.parchment.au/public/assertions/MreaLIz1Ruylu6RLBd0n6g/image
2026-08-19T22:00:00Z,Indigenous and Other Sovereignties,,,,,FALSE,,email,https://badges.parchment.au/public/assertions/Y-aRINWVQ_OUpTfgRbmzxw/image
2026-08-19T14:00:00Z,Authorised Program Officer (APO) Professional Development,,,,,FALSE,,email,https://badges.parchment.au/public/assertions/4iydFx4pTlCeDWtNxVVbKQ/image
2026-08-19T14:00:00Z,Authorised Program Officer (APO) Professional Development,,,,,FALSE,,email,https://badges.parchment.au/public/assertions/q1ZLZaL0SEeAreB2kqbKJw/image
2026-08-19T14:00:00Z,Authorised Program Officer (APO) Professional Development,,,,,FALSE,,email,https://badges.parchment.au/public/assertions/RGqMhzDFR4KSSzkGjlSfWQ/image
2026-08-19T14:00:00Z,Authorised Program Officer (APO) Professional Development,,,,,FALSE,,email,https://badges.parchment.au/public/assertions/pJHrDH2TQieRiOO6oCzH-g/image
2026-08-19T14:00:00Z,Authorised Program Officer (APO) Professional Development,,,,,FALSE,,email,https://badges.parchment.au/public/assertions/n3zkVhNVRYGg7U9DsgEXxA/image
2026-08-19T14:00:00Z,Authorised Program Officer (APO) Professional Development,,,,,FALSE,,email,https://badges.parchment.au/public/assertions/JamMZQa1TNGyF4cGIm8CGA/image
2026-08-19T14:00:00Z,Authorised Program Officer (APO) Professional Development,,,,,FALSE,,email,https://badges.parchment.au/public/assertions/IYLnRM1eTlWeW_qemQPrKQ/image
2026-08-19T14:00:00Z,Authorised Program Officer (APO) Professional Development,,,,,FALSE,,email,https://badges.parchment.au/public/assertions/afi3WNR6SW2ltOzD9X8TuQ/image
2026-08-19T14:00:00Z,Authorised Program Officer (APO) Professional Development,,,,,FALSE,,email,https://badges.parchment.au/public/assertions/VyDFv9u7Rga_axX1g3tQ7A/image
2026-08-19T14:00:00Z,Authorised Program Officer (APO) Professional Development,,,,,FALSE,,email,https://badges.parchment.au/public/assertions/4k23QEvHQ6OJ-0pZ4zeu7w/image
2026-08-19T14:00:00Z,Authorised Program Officer (APO) Professional Development,,,,,FALSE,,email,https://badges.parchment.au/public/assertions/3GVGU9b-SUuQdSsF_UdaBw/image
2026-08-19T14:00:00Z,Authorised Program Officer (APO) Professional Development,,,,,FALSE,,email,https://badges.parchment.au/public/assertions/eCoTbY0FQbmAIdCYuM1tiA/image
2026-08-19T14:00:00Z,Authorised Program Officer (APO) Professional Development,,,,,FALSE,,email,https://badges.parchment.au/public/assertions/6jhJ07OMTwShhqZQ1MVNvA/image
2026-08-19T14:00:00Z,Authorised Program Officer (APO) Professional Development,,,,,FALSE,,email,https://badges.parchment.au/public/assertions/T5QcRDyUSieZGVQQ0qxtcA/image
2026-08-19T14:00:00Z,Authorised Program Officer (APO) Professional Development,,,,,FALSE,,email,https://badges.parchment.au/public/assertions/QyS_znCQSrOYaqcTwabGAQ/image
2026-08-19T14:00:00Z,Authorised Program Officer (APO) Professional Development,,,,,FALSE,,email,https://badges.parchment.au/public/assertions/MnYiagIbQf-xfUjVVOcxog/image
2026-08-19T14:00:00Z,Authorised Program Officer (APO) Professional Development,,,,,FALSE,,email,https://badges.parchment.au/public/assertions/3iw9mvIASFSMjLK4rJWfRA/image
2026-08-19T14:00:00Z,Authorised Program Officer (APO) Professional Development,,,,,FALSE,,email,https://badges.parchment.au/public/assertions/fwvJNeYLSzmi6or5jguhqQ/image
2026-08-17T02:26:00Z,Munarra Anti-Racism: A Yorta Yorta Context,,,,,FALSE,,email,https://badges.parchment.au/public/assertions/ASvNsENRS5KiVyprKmtP6w/image
2026-08-17T02:26:00Z,Munarra Anti-Racism: A Yorta Yorta Context,,,,,FALSE,,email,https://badges.parchment.au/public/assertions/39Q1XlmdSrufaDwZt1xEPg/image
2026-08-17T02:26:00Z,Munarra Anti-Racism: A Yorta Yorta Context,,,,,FALSE,,email,https://badges.parchment.au/public/assertions/eDHvLDCOQLC_mNSuQmgxYw/image
2026-08-17T02:26:00Z,Munarra Anti-Racism: A Yorta Yorta Context,,,,,FALSE,,email,https://badges.parchment.au/public/assertions/8qctecmjQo6MYY6PCbiiOQ/image
2026-08-17T02:26:00Z,Munarra Anti-Racism: A Yorta Yorta Context,,,,,FALSE,,email,https://badges.parchment.au/public/assertions/PNcNvhnoTnyCAQtj3bFjKg/image
2026-08-17T02:26:00Z,Munarra Anti-Racism: A Yorta Yorta Context,,,,,FALSE,,email,https://badges.parchment.au/public/assertions/JOxu6v7YQo2kSD00roDbJw/image
2026-08-17T02:26:00Z,Munarra Anti-Racism: A Yorta Yorta Context,,,,,FALSE,,email,https://badges.parchment.au/public/assertions/6rFSHYHWRCOOKUHLJiP6sQ/image
2026-08-17T02:26:00Z,Munarra Anti-Racism: A Yorta Yorta Context,,,,,FALSE,,email,https://badges.parchment.au/public/assertions/y4wnq6MHQA6cHSHOgAzVJw/image
2026-08-17T02:26:00Z,Munarra Anti-Racism: A Yorta Yorta Context,,,,,FALSE,,email,https://badges.parchment.au/public/assertions/UIw36nswQgigCDB3u7QXvA/image
2026-08-17T02:26:00Z,Munarra Anti-Racism: A Yorta Yorta Context,STUD_436,,,,FALSE,,email,https://badges.parchment.au/public/assertions/qCayFyTRQIGm70ZxQVwhag/image
2026-08-16T14:00:00Z,Munarra Anti-Racism: A Yorta Yorta Context,,,,,FALSE,,email,https://badges.parchment.au/public/assertions/TwmwRsBSRHeVF7-JH-qdIA/image
2026-08-16T14:00:00Z,Munarra Anti-Racism: A Yorta Yorta Context,,,,,FALSE,,email,https://badges.parchment.au/public/assertions/S4_VQMXAQYelZijpbuCAgQ/image
2026-08-16T14:00:00Z,Munarra Anti-Racism: A Yorta Yorta Context,,,,,FALSE,,email,https://badges.parchment.au/public/assertions/KbFSAtRzStGUGqzXKuVAoA/image
2026-08-16T14:00:00Z,Munarra Anti-Racism: A Yorta Yorta Context,,,,,FALSE,,email,https://badges.parchment.au/public/assertions/WPb43lLaT5uY915xiafUbQ/image
2026-08-16T14:00:00Z,Munarra Anti-Racism: A Yorta Yorta Context,,,,,FALSE,,email,https://badges.parchment.au/public/assertions/jgWeCBnaTWeFJe5Sq-f5Dw/image
2026-08-16T14:00:00Z,Munarra Anti-Racism: A Yorta Yorta Context,,,,,FALSE,,email,https://badges.parchment.au/public/assertions/VLFJA5-AQLS5eluoEyGsGQ/image
2026-08-16T14:00:00Z,Munarra Anti-Racism: A Yorta Yorta Context,,,,,FALSE,,email,https://badges.parchment.au/public/assertions/-a2f210yTP-hdXkmFu_bJg/image
2026-08-16T14:00:00Z,Munarra Anti-Racism: A Yorta Yorta Context,,,,,FALSE,,email,https://badges.parchment.au/public/assertions/hJw42H8ZR66jWJEpIA6g_w/image
2026-08-16T14:00:00Z,Munarra Anti-Racism: A Yorta Yorta Context,STUD_203,,,,FALSE,,email,https://badges.parchment.au/public/assertions/lc-n_P0IR3GnaLIY1hJ0eQ/image
2026-08-16T14:00:00Z,Munarra Anti-Racism: A Yorta Yorta Context,,,,,FALSE,,email,https://badges.parchment.au/public/assertions/JUIBppYcTxyy_8ABf-QRqQ/image
2026-08-16T14:00:00Z,Munarra Anti-Racism: A Yorta Yorta Context,,,,,FALSE,,email,https://badges.parchment.au/public/assertions/t8U-GihVSLqH9T9JLOKJ1w/image
2026-08-16T14:00:00Z,Munarra Anti-Racism: A Yorta Yorta Context,,,,,FALSE,,email,https://badges.parchment.au/public/assertions/6LaKMV-jR_KEjZ3Z3B4K-g/image
2026-08-16T14:00:00Z,Munarra Anti-Racism: A Yorta Yorta Context,,,,,FALSE,,email,https://badges.parchment.au/public/assertions/VGfGzPumRCeu6npj00bhrw/image
2026-08-16T14:00:00Z,Munarra Anti-Racism: A Yorta Yorta Context,,,,,FALSE,,email,https://badges.parchment.au/public/assertions/AbLMkj2IRPaLHfWJy6Tccw/image
2026-08-16T14:00:00Z,Munarra Anti-Racism: A Yorta Yorta Context,,,,,FALSE,,email,https://badges.parchment.au/public/assertions/0lTIwUcTThqHD7KYUduNjg/image
2026-08-16T14:00:00Z,Munarra Anti-Racism: A Yorta Yorta Context,,,,,FALSE,,email,https://badges.parchment.au/public/assertions/wYXzj9jHTUKdEQqkhOhqzg/image
2026-08-05T14:00:00Z,Authorised Program Officer (APO) Professional Development,,,,,FALSE,,email,https://badges.parchment.au/public/assertions/t6KZJOp6QKm6TlKmzMHubg/image
2026-08-05T14:00:00Z,Authorised Program Officer (APO) Professional Development,,,,,FALSE,,email,https://badges.parchment.au/public/assertions/AlqLcBVNRZ6jwN0g5T7GaA/image
2026-08-04T01:05:23.175Z,Understanding Treaty,STUD_280,,,,FALSE,,email,https://badges.parchment.au/public/assertions/q_pZILs3Ski31c8xEYJ2rw/image
2026-08-04T01:05:22.984Z,Understanding Treaty,STUD_314,,,,FALSE,,email,https://badges.parchment.au/public/assertions/cb2fnfHqTk2uHpA4c1IH2w/image
2026-08-04T01:05:21.493Z,Understanding Treaty,STUD_396,,,,FALSE,,email,https://badges.parchment.au/public/assertions/OhSjSSpNT-mpCpmFRAEREQ/image
2026-08-04T01:05:21.469Z,Understanding Treaty,STUD_339,,,,FALSE,,email,https://badges.parchment.au/public/assertions/r2x5kSsVT-2ULR-a9wzIeg/image
2026-08-04T01:05:21.465Z,Understanding Treaty,STUD_103,,,,FALSE,,email,https://badges.parchment.au/public/assertions/fqFQ2sSjQLy8aIdEka3e3Q/image
2026-08-04T01:05:21.253Z,Understanding Treaty,STUD_381,,,,FALSE,,email,https://badges.parchment.au/public/assertions/tKoo9ajZS2a1dgv-QLVwjQ/image
2026-08-04T01:05:20.965Z,Understanding Treaty,STUD_327,,,,FALSE,,email,https://badges.parchment.au/public/assertions/fYWJfvFfRyq9dZH30KFNXw/image
2026-08-04T01:05:20.682Z,Understanding Treaty,STUD_109,,,,FALSE,,email,https://badges.parchment.au/public/assertions/SfPxFNjmR06_Tl7U_PhEeA/image
2026-08-04T01:05:20.670Z,Understanding Treaty,STUD_349,,,,FALSE,,email,https://badges.parchment.au/public/assertions/9cWIhWEmTEKBP6JSwHKv9g/image
2026-08-04T01:05:20.660Z,Understanding Treaty,,,,,FALSE,,email,https://badges.parchment.au/public/assertions/XuqTs7-mQ9qJjOrP9STeuA/image
2026-08-04T01:05:20.647Z,Understanding Treaty,STUD_221,,,,FALSE,,email,https://badges.parchment.au/public/assertions/ayls6UsCSla894L2Bw7n-A/image
2026-08-04T01:05:20.400Z,Understanding Treaty,STUD_117,,,,FALSE,,email,https://badges.parchment.au/public/assertions/J1NXGADqTbm0izZ_4zvHFA/image
2026-07-29T14:00:00Z,Indigenous and Other Sovereignties,STUD_262,,,,FALSE,,email,https://badges.parchment.au/public/assertions/N4clQMpPTe6XhOMEfodKPw/image
2026-07-29T14:00:00Z,Indigenous and Other Sovereignties,STUD_340,,,,FALSE,,email,https://badges.parchment.au/public/assertions/a5sF6VxHR9-LW6N-IkWbAA/image
2026-07-29T14:00:00Z,Indigenous and Other Sovereignties,STUD_353,,,,FALSE,,email,https://badges.parchment.au/public/assertions/gtROWyxCS4uI7uHh9iQWfA/image
2026-07-29T14:00:00Z,Indigenous and Other Sovereignties,STUD_045,,,,FALSE,,email,https://badges.parchment.au/public/assertions/EQD9pOaRS7-ppbm-SaaxNw/image
2026-07-29T14:00:00Z,Indigenous and Other Sovereignties,STUD_002,,,,FALSE,,email,https://badges.parchment.au/public/assertions/skS7EylXRJikIwOcQ3ZLAg/image
2026-07-29T14:00:00Z,Indigenous and Other Sovereignties,STUD_304,,,,FALSE,,email,https://badges.parchment.au/public/assertions/NAPtpvjfRrWE1Z2pEM_4sw/image
2026-07-29T14:00:00Z,Indigenous and Other Sovereignties,STUD_300,,,,FALSE,,email,https://badges.parchment.au/public/assertions/0BF8I3JQToaIX5zMNRGAiQ/image
2026-07-29T14:00:00Z,Indigenous and Other Sovereignties,STUD_071,,,,FALSE,,email,https://badges.parchment.au/public/assertions/PoxQGVW4R0eP_z80Ldc1vA/image
2026-07-29T14:00:00Z,Indigenous and Other Sovereignties,STUD_311,,,,FALSE,,email,https://badges.parchment.au/public/assertions/6OT1tVT5TZK2PfqIfxMrrg/image
2026-07-29T14:00:00Z,Indigenous and Other Sovereignties,STUD_015,,,,FALSE,,email,https://badges.parchment.au/public/assertions/5MnKHXjqRJSbeW8ldgLiXg/image
2026-07-29T14:00:00Z,Indigenous and Other Sovereignties,STUD_010,,,,FALSE,,email,https://badges.parchment.au/public/assertions/khj3QYINSfilijgWn9XGaw/image
2026-07-29T14:00:00Z,Indigenous and Other Sovereignties,,,,,FALSE,,email,https://badges.parchment.au/public/assertions/ncGUfPeHTiyH51NpWYjdEw/image
2026-07-29T14:00:00Z,Indigenous and Other Sovereignties,,,,,FALSE,,email,https://badges.parchment.au/public/assertions/e2jJ65-ORPGXvsMIX6HNfg/image
2026-07-29T14:00:00Z,Indigenous and Other Sovereignties,STUD_170,,,,FALSE,,email,https://badges.parchment.au/public/assertions/2K3gDiwRRxi-mvXE6BevqA/image
2026-07-29T14:00:00Z,Indigenous and Other Sovereignties,STUD_216,,,,FALSE,,email,https://badges.parchment.au/public/assertions/ciusnlFbRAO8tHADIKxQyw/image
2026-07-29T14:00:00Z,Indigenous and Other Sovereignties,,,,,FALSE,,email,https://badges.parchment.au/public/assertions/g3nUqIcpRKG0IAEnigSbQQ/image
2026-07-29T14:00:00Z,Indigenous and Other Sovereignties,,,,,FALSE,,email,https://badges.parchment.au/public/assertions/sSEQS-RGTeeHP7sEOmWnrg/image
2026-07-29T14:00:00Z,Indigenous and Other Sovereignties,STUD_289,,,,FALSE,,email,https://badges.parchment.au/public/assertions/atXB2DyJQVK-adXg9-Z-lg/image
2026-07-29T14:00:00Z,Indigenous and Other Sovereignties,,,,,FALSE,,email,https://badges.parchment.au/public/assertions/arcwZhXKRJu9TP-UkcMY-w/image
2026-07-29T14:00:00Z,Indigenous and Other Sovereignties,STUD_096,,,,FALSE,,email,https://badges.parchment.au/public/assertions/66PErQp_SQSvAGD1LXyTbA/image
2026-07-29T14:00:00Z,Indigenous and Other Sovereignties,,,,,FALSE,,email,https://badges.parchment.au/public/assertions/AwHSsCXuQvSbEJa2DZXZMw/image
2026-07-29T14:00:00Z,Indigenous and Other Sovereignties,STUD_097,,,,FALSE,,email,https://badges.parchment.au/public/assertions/p5PgscQmSECLoU1DXeFOSA/image
2026-07-29T14:00:00Z,Indigenous and Other Sovereignties,,,,,FALSE,,email,https://badges.parchment.au/public/assertions/-jLVqSbrRq2lLEso61Gdig/image
2026-07-29T14:00:00Z,Indigenous and Other Sovereignties,,,,,FALSE,,email,https://badges.parchment.au/public/assertions/6sFCgF7HQbGwDGgkbIyF9Q/image
2026-07-29T14:00:00Z,Indigenous and Other Sovereignties,,,,,FALSE,,email,https://badges.parchment.au/public/assertions/OuoSQyb0Tb2cP_HpJ0uIyg/image
2026-07-29T14:00:00Z,Indigenous and Other Sovereignties,,,,,FALSE,,email,https://badges.parchment.au/public/assertions/CXm06A1ASCitCoWKXqBc-A/image
2026-07-29T14:00:00Z,Indigenous and Other Sovereignties,,,,,FALSE,,email,https://badges.parchment.au/public/assertions/CxLIr74xRd-d61yVDusTjg/image
2026-07-29T14:00:00Z,Indigenous and Other Sovereignties,STUD_302,,,,FALSE,,email,https://badges.parchment.au/public/assertions/litPG5rjSJiEeyMmD5b2DA/image
2026-07-29T14:00:00Z,Indigenous and Other Sovereignties,STUD_027,,,,FALSE,,email,https://badges.parchment.au/public/assertions/yJWeM2ODT32V8woPImEUKQ/image
2026-07-29T14:00:00Z,Indigenous and Other Sovereignties,,,,,FALSE,,email,https://badges.parchment.au/public/assertions/PZKaA-MiSFqOnLIY10EvGQ/image
2026-07-29T14:00:00Z,Indigenous and Other Sovereignties,STUD_047,,,,FALSE,,email,https://badges.parchment.au/public/assertions/qulzczImTC-XLEAWCAldKA/image
2026-07-29T14:00:00Z,Indigenous and Other Sovereignties,,,,,FALSE,,email,https://badges.parchment.au/public/assertions/UTyVUUK3S7GfrQPvgEz2Yg/image
2026-07-29T14:00:00Z,Indigenous and Other Sovereignties,STUD_200,,,,FALSE,,email,https://badges.parchment.au/public/assertions/V6fUPa_NSF2pS_F59nbrpA/image
2026-07-29T14:00:00Z,Indigenous and Other Sovereignties,STUD_013,,,,FALSE,,email,https://badges.parchment.au/public/assertions/cUdTDcFKRVqx8do2JJ1f0A/image
2026-07-29T14:00:00Z,Indigenous and Other Sovereignties,,,,,FALSE,,email,https://badges.parchment.au/public/assertions/G1p7jekNS7Kj4IbicY4FLw/image
2026-07-29T14:00:00Z,Indigenous and Other Sovereignties,,,,,FALSE,,email,https://badges.parchment.au/public/assertions/CAC5TnThTo2tZ6lRBrhxiw/image
2026-07-29T14:00:00Z,Indigenous and Other Sovereignties,STUD_063,,,,FALSE,,email,https://badges.parchment.au/public/assertions/BsO2uUeSQ5a6HEct-Nl6pw/image
2026-07-29T14:00:00Z,Indigenous and Other Sovereignties,STUD_267,,,,FALSE,,email,https://badges.parchment.au/public/assertions/RWZht2i6S_eDxhmw9exCdQ/image
2026-07-29T14:00:00Z,Indigenous and Other Sovereignties,STUD_164,,,,FALSE,,email,https://badges.parchment.au/public/assertions/fw41lkK6QQSt7gyfT4ebbQ/image
2026-07-29T14:00:00Z,Indigenous and Other Sovereignties,STUD_108,,,,FALSE,,email,https://badges.parchment.au/public/assertions/bcQZY-2ZRm6MztSYA1SThQ/image
2026-07-29T14:00:00Z,Indigenous and Other Sovereignties,STUD_287,,,,FALSE,,email,https://badges.parchment.au/public/assertions/SaxAUJsVShK34aucbcfUwA/image
2026-07-22T05:10:15Z,Authorised Program Officer (APO) Professional Development,,,,,FALSE,,email,https://badges.parchment.au/public/assertions/QsOYXRL5R0edFtgPPKbaZw/image
2026-07-20T14:00:00Z,Indigenous and Other Sovereignties,,,,,FALSE,,email,https://badges.parchment.au/public/assertions/fM920C0bQl2qOSF8irvjAQ/image
2026-07-20T14:00:00Z,Indigenous and Other Sovereignties,STUD_094,,,,FALSE,,email,https://badges.parchment.au/public/assertions/RSuCu-kNSYW2gHj5b-Wxvw/image
2026-07-20T14:00:00Z,Indigenous and Other Sovereignties,,,,,FALSE,,email,https://badges.parchment.au/public/assertions/6KJWE1E7Rc69FZgpOrpObw/image
2026-07-20T14:00:00Z,Indigenous and Other Sovereignties,,,,,FALSE,,email,https://badges.parchment.au/public/assertions/JSQnOg7SRNugLeFZhlpLkA/image
2026-07-20T14:00:00Z,Indigenous and Other Sovereignties,,,,,FALSE,,email,https://badges.parchment.au/public/assertions/QkvKSdSDTsKDasc7QPAlQw/image
2026-07-20T14:00:00Z,Indigenous and Other Sovereignties,STUD_186,,,,FALSE,,email,https://badges.parchment.au/public/assertions/hy9L8pz6TuKIei_FGWRmEg/image
2026-07-20T14:00:00Z,Indigenous and Other Sovereignties,STUD_341,,,,FALSE,,email,https://badges.parchment.au/public/assertions/bcH9MW8KRvenFmG1tbFhlg/image
2026-07-20T14:00:00Z,Indigenous and Other Sovereignties,,,,,FALSE,,email,https://badges.parchment.au/public/assertions/BfnwUAEcScKsr3Vpp-a8uQ/image
2026-07-20T14:00:00Z,Indigenous and Other Sovereignties,STUD_434,,,,FALSE,,email,https://badges.parchment.au/public/assertions/6GPOBeehRAWvv0EGZYxIEA/image
2026-07-20T14:00:00Z,Indigenous and Other Sovereignties,,,,,FALSE,,email,https://badges.parchment.au/public/assertions/HaIEBT_2TbmumHgC35C9qA/image
2026-07-20T14:00:00Z,Indigenous and Other Sovereignties,STUD_178,,,,FALSE,,email,https://badges.parchment.au/public/assertions/6moTeJfJTMaIJSUKAB7Dbw/image
2026-07-20T14:00:00Z,Indigenous and Other Sovereignties,STUD_313,,,,FALSE,,email,https://badges.parchment.au/public/assertions/TNCwqCLuTx2ZIZ29oGXZ7A/image
2026-07-20T14:00:00Z,Indigenous and Other Sovereignties,STUD_172,,,,FALSE,,email,https://badges.parchment.au/public/assertions/siumv4b6T0SHCcv6rY2_MA/image
2026-07-20T14:00:00Z,Indigenous and Other Sovereignties,STUD_067,,,,FALSE,,email,https://badges.parchment.au/public/assertions/FeWB9AS0TSe0R3oUoc6oqA/image
2026-07-20T14:00:00Z,Indigenous and Other Sovereignties,STUD_246,,,,FALSE,,email,https://badges.parchment.au/public/assertions/G_wfcM8FSoqOvjgwBLmMXg/image
2026-07-20T14:00:00Z,Indigenous and Other Sovereignties,STUD_127,,,,FALSE,,email,https://badges.parchment.au/public/assertions/m4bUPBcqT3eS-NSOjRgrfw/image
2026-07-20T14:00:00Z,Indigenous and Other Sovereignties,STUD_231,,,,FALSE,,email,https://badges.parchment.au/public/assertions/dqthaVooT0uIxVe7jnd-mg/image
2026-07-20T14:00:00Z,Indigenous and Other Sovereignties,STUD_019,,,,FALSE,,email,https://badges.parchment.au/public/assertions/3ZS1HjC_TcCkl8GuI_mEsw/image
2026-07-20T14:00:00Z,Indigenous and Other Sovereignties,,,,,FALSE,,email,https://badges.parchment.au/public/assertions/03RtVs13SE-ho_KU5JRAWg/image
2026-07-20T14:00:00Z,Indigenous and Other Sovereignties,STUD_036,,,,FALSE,,email,https://badges.parchment.au/public/assertions/IHbe45bIRs2b7yaohJHHpA/image
2026-07-06T22:00:00Z,Lawful Relations with Indigenous Peoples,,,,,FALSE,,email,https://badges.parchment.au/public/assertions/s7b-8N-SSL6UzyHgCxJbcQ/image
2026-07-06T22:00:00Z,Understanding Treaty,,,,,FALSE,,email,https://badges.parchment.au/public/assertions/xGv2PAwqQWCUn2v33W8htw/image
2026-07-06T22:00:00Z,"Stolen Generations, Truth-Telling and Treaty",,,,,FALSE,,email,https://badges.parchment.au/public/assertions/BJNeI7XeSFq--THGaoUcJg/image
2026-07-06T22:00:00Z,Indigenous and Other Sovereignties,,,,,FALSE,,email,https://badges.parchment.au/public/assertions/auvrAAfRQDGrmbQTjzYOgA/image
2026-07-06T02:20:00Z,Authorised Program Officer (APO) Professional Development,,,,,FALSE,,email,https://badges.parchment.au/public/assertions/KaHwtrd3SHqeadjFazlS1w/image
2026-07-06T02:20:00Z,Authorised Program Officer (APO) Professional Development,,,,,FALSE,,email,https://badges.parchment.au/public/assertions/1ooe2VE_Q1GoupGpkCSWMw/image
2026-07-06T02:20:00Z,Authorised Program Officer (APO) Professional Development,,,,,FALSE,,email,https://badges.parchment.au/public/assertions/UBhOZwtMR9irviYXF9Mf-g/image
2026-07-06T02:20:00Z,Authorised Program Officer (APO) Professional Development,,,,,FALSE,,email,https://badges.parchment.au/public/assertions/DZDdOU6QTFCh_u4kB0brAw/image
2026-07-06T02:20:00Z,Authorised Program Officer (APO) Professional Development,,,,,FALSE,,email,https://badges.parchment.au/public/assertions/DymQ86tBSIGISFPfIxtjQA/image
2026-07-06T02:20:00Z,Authorised Program Officer (APO) Professional Development,,,,,FALSE,,email,https://badges.parchment.au/public/assertions/O94vi618Toy-AM0CoLidnQ/image
2026-07-06T02:20:00Z,Authorised Program Officer (APO) Professional Development,,,,,FALSE,,email,https://badges.parchment.au/public/assertions/nn-gU4seT6egH2iQGjyRkg/image
2026-07-06T02:20:00Z,Authorised Program Officer (APO) Professional Development,,,,,FALSE,,email,https://badges.parchment.au/public/assertions/JJ7_fWH4QAuHMDnzmDM_jQ/image
2026-06-24T14:00:00Z,Effective Leadership Communication,,,,,FALSE,,email,https://badges.parchment.au/public/assertions/siUbtx2lQKmv4j0ZJxcnNA/image
2026-06-24T14:00:00Z,Effective Leadership Communication,,,,,FALSE,,email,https://badges.parchment.au/public/assertions/78U0WojBSn2z1IUFobTK_w/image
2026-06-24T14:00:00Z,Effective Leadership Communication,,,,,FALSE,,email,https://badges.parchment.au/public/assertions/xHyn3LHVQwqjmIylTLceig/image
2026-06-24T14:00:00Z,Effective Leadership Communication,,,,,FALSE,,email,https://badges.parchment.au/public/assertions/1xFKs2iWQ0escNEzNpqYrQ/image
2026-06-24T14:00:00Z,Effective Leadership Communication,,,,,FALSE,,email,https://badges.parchment.au/public/assertions/szc1dpD5T9O2JPunwGQrEQ/image
2026-06-24T14:00:00Z,Effective Leadership Communication,,,,,FALSE,,email,https://badges.parchment.au/public/assertions/BmHgdY1YTYeNRg7FYzY4PA/image
2026-06-24T14:00:00Z,Effective Leadership Communication,,,,,FALSE,,email,https://badges.parchment.au/public/assertions/_GWSKLdtS--MavN5PQlZiQ/image
2026-06-24T14:00:00Z,Effective Leadership Communication,,,,,FALSE,,email,https://badges.parchment.au/public/assertions/GWcdsIC7RqOMd3p7-dHGLw/image
2026-06-24T14:00:00Z,Effective Leadership Communication,,,,,FALSE,,email,https://badges.parchment.au/public/assertions/bR2_34DISNOMowcILCoZgA/image
2026-06-24T14:00:00Z,Effective Leadership Communication,,,,,FALSE,,email,https://badges.parchment.au/public/assertions/o3anLj6cTdawb7jPzXRO7Q/image
2026-06-24T14:00:00Z,Effective Leadership Communication,,,,,FALSE,,email,https://badges.parchment.au/public/assertions/Pd7t6u2iRruNn6lt8HMPkw/image
2026-06-24T14:00:00Z,Effective Leadership Communication,,,,,FALSE,,email,https://badges.parchment.au/public/assertions/zNqTZFoRRMaWCA3qTN82KA/image
2026-06-24T14:00:00Z,Effective Leadership Communication,,,,,FALSE,,email,https://badges.parchment.au/public/assertions/GFkkecZUR6qG_G6_1dh6gQ/image
2026-06-24T14:00:00Z,Effective Leadership Communication,,,,,FALSE,,email,https://badges.parchment.au/public/assertions/cU-unJL7QHq_uPk5NLlQhw/image
2026-06-24T14:00:00Z,Effective Leadership Communication,,,,,FALSE,,email,https://badges.parchment.au/public/assertions/gSTgX3tvTy2ecsnjWcA44g/image
2026-06-24T14:00:00Z,Effective Leadership Communication,,,,,FALSE,,email,https://badges.parchment.au/public/assertions/MkVxz43JSCeFjdfdwjYnyw/image
2026-06-24T14:00:00Z,Effective Leadership Communication,,,,,FALSE,,email,https://badges.parchment.au/public/assertions/tZKQnu7aSuiPdfuScoMnOw/image
2026-06-23T22:00:00Z,Effective Leadership Communication,,,,,FALSE,,email,https://badges.parchment.au/public/assertions/N-TOeN9iR8yczG_3NmZQ1Q/image
2026-06-23T22:00:00Z,Effective Leadership Communication,,,,,FALSE,,email,https://badges.parchment.au/public/assertions/Yip6toKlQOiOpGDrRUjLiQ/image
2026-06-23T22:00:00Z,Effective Leadership Communication,,,,,FALSE,,email,https://badges.parchment.au/public/assertions/43QbGrUcQPGRY_g7YuatbQ/image
2026-06-21T22:00:00Z,"Stolen Generations, Truth-Telling and Treaty",,,,,FALSE,,email,https://badges.parchment.au/public/assertions/4z1-5iRkT0Wc0kUz8VcpRQ/image
2026-06-09T02:22:16.560Z,Effective Leadership Communication,,,,,TRUE,Manually revoked by Issuer,email,https://badges.parchment.au/public/assertions/SRPL26eLTp-gySeFBuQRSA/image
2026-06-09T02:22:16.528Z,Effective Leadership Communication,,,,,TRUE,Manually revoked by Issuer,email,https://badges.parchment.au/public/assertions/aQjJaN-qR62rCpog53dKPg/image
2026-06-09T02:22:16.266Z,Effective Leadership Communication,,,,,TRUE,Manually revoked by Issuer,email,https://badges.parchment.au/public/assertions/jyRxMaFVTXCGCSpKZB1zew/image
2026-06-09T02:22:16.246Z,Effective Leadership Communication,,,,,TRUE,Manually revoked by Issuer,email,https://badges.parchment.au/public/assertions/FTIJcch5Rh68xYnssH19uA/image
2026-06-09T02:22:15.989Z,Effective Leadership Communication,,,,,TRUE,Manually revoked by Issuer,email,https://badges.parchment.au/public/assertions/kUmggW4YSZSnZ6EJuRh-6Q/image
2026-06-09T02:22:14.912Z,Effective Leadership Communication,,,,,TRUE,Manually revoked by Issuer,email,https://badges.parchment.au/public/assertions/HmDO66qFQrGDhgYdqcy_ug/image
2026-06-09T02:22:14.911Z,Effective Leadership Communication,,,,,TRUE,Manually revoked by Issuer,email,https://badges.parchment.au/public/assertions/L-H-E4lQTQmC8Q8rtOAb2Q/image
2026-06-09T02:22:14.683Z,Effective Leadership Communication,,,,,TRUE,Manually revoked by Issuer,email,https://badges.parchment.au/public/assertions/1_JXmpXwRduVmaz71Z86RQ/image
2026-06-09T02:22:14.681Z,Effective Leadership Communication,,,,,TRUE,Manually revoked by Issuer,email,https://badges.parchment.au/public/assertions/wUCTxirTS0m4w_B0K4ZxOg/image
2026-06-09T02:22:14.599Z,Effective Leadership Communication,,,,,TRUE,Manually revoked by Issuer,email,https://badges.parchment.au/public/assertions/WoptrVk6ROetYa0tkGnYZw/image
2026-06-09T02:22:14.589Z,Effective Leadership Communication,,,,,TRUE,Manually revoked by Issuer,email,https://badges.parchment.au/public/assertions/G5PkdNWORHSUsVdaZJrwfg/image
2026-06-09T02:22:14.572Z,Effective Leadership Communication,,,,,TRUE,Manually revoked by Issuer,email,https://badges.parchment.au/public/assertions/tEhoiGmdSbGCqvEP3mZWcg/image
2026-06-09T02:22:14.568Z,Effective Leadership Communication,,,,,TRUE,Manually revoked by Issuer,email,https://badges.parchment.au/public/assertions/pyabOAFOSh6ErJT8RNgJjQ/image
2026-06-09T02:22:14.553Z,Effective Leadership Communication,,,,,TRUE,Manually revoked by Issuer,email,https://badges.parchment.au/public/assertions/MX6iRRsdTvuufQ2g_vYI3w/image
2026-06-09T02:22:14.368Z,Effective Leadership Communication,,,,,TRUE,Manually revoked by Issuer,email,https://badges.parchment.au/public/assertions/0UKx3nuTTOG4-oROOGa66Q/image
2026-06-09T02:22:14.358Z,Effective Leadership Communication,,,,,TRUE,Manually revoked by Issuer,email,https://badges.parchment.au/public/assertions/TpH-WAM9QDWXU5aOyOhQcQ/image
2026-06-09T02:22:14.328Z,Effective Leadership Communication,,,,,TRUE,Manually revoked by Issuer,email,https://badges.parchment.au/public/assertions/F0XgvOn2QTCJsFXVxRLzRQ/image
2026-06-02T03:11:21Z,Authorised Program Officer (APO) Professional Development,,,,,FALSE,,email,https://badges.parchment.au/public/assertions/9HwlWEJbSies19Xxrx4DsQ/image
2026-06-01T14:00:00Z,Persuasion for Policymakers,,,,,FALSE,,email,https://badges.parchment.au/public/assertions/gL79YlI6QOWqSokT3VW6FA/image
2026-06-01T14:00:00Z,Persuasion for Policymakers,,,,,FALSE,,email,https://badges.parchment.au/public/assertions/9EwhZFkKS_u85VLW6AGrNQ/image
2026-06-01T14:00:00Z,Persuasion for Policymakers,,,,,FALSE,,email,https://badges.parchment.au/public/assertions/ekpFWxdGQB60PG8GgpiEjw/image
2026-06-01T14:00:00Z,Persuasion for Policymakers,,,,,FALSE,,email,https://badges.parchment.au/public/assertions/NLUSE2HUQuOB5KR6l2N5RA/image
2026-06-01T14:00:00Z,Persuasion for Policymakers,,,,,FALSE,,email,https://badges.parchment.au/public/assertions/RcRJ4ADaQpyKN1kzLAfTRg/image
2026-06-01T14:00:00Z,Persuasion for Policymakers,,,,,FALSE,,email,https://badges.parchment.au/public/assertions/cbXVkTlsRCeVw_aKTovK6g/image
2026-06-01T14:00:00Z,Persuasion for Policymakers,,,,,FALSE,,email,https://badges.parchment.au/public/assertions/KLKUNgIgS_GLQak_qSEF8A/image
2026-06-01T14:00:00Z,Persuasion for Policymakers,,,,,FALSE,,email,https://badges.parchment.au/public/assertions/hQBcOUc0SjyGBsVBo_sHNw/image
2026-06-01T14:00:00Z,Persuasion for Policymakers,,,,,FALSE,,email,https://badges.parchment.au/public/assertions/geQE-SIcQZiFK0MAeKwX8A/image
2026-06-01T14:00:00Z,Persuasion for Policymakers,,,,,FALSE,,email,https://badges.parchment.au/public/assertions/5UJiebKJTv6Cr9oGgdLMfw/image
2026-06-01T14:00:00Z,Persuasion for Policymakers,,,,,FALSE,,email,https://badges.parchment.au/public/assertions/ylTBjVAaRCGxeOM9GZajAg/image
2026-06-01T14:00:00Z,Persuasion for Policymakers,,,,,FALSE,,email,https://badges.parchment.au/public/assertions/qr2szeniSA6QeIGcgLHyvA/image
2026-05-21T22:00:00Z,Introduction to the Ethics of Artificial Intelligence,,,,,FALSE,,email,https://badges.parchment.au/public/assertions/ubogv0wCSRGoVXlO5DxhVg/image
2026-05-21T02:00:00Z,Introduction to the Ethics of Artificial Intelligence,,,,,FALSE,,email,https://badges.parchment.au/public/assertions/NDd3UkhoQRmTot8UecWe_A/image
2026-05-20T14:00:00Z,Introduction to the Ethics of Artificial Intelligence,,,,,TRUE,Manually revoked by Issuer,email,https://badges.parchment.au/public/assertions/SHpoYGjnRnes1tRMhtgRiw/image
2026-05-20T14:00:00Z,Introduction to the Ethics of Artificial Intelligence,,,,,FALSE,,email,https://badges.parchment.au/public/assertions/ccnFP7rLR3-N1BM_O3KQeQ/image
2026-05-20T14:00:00Z,Introduction to the Ethics of Artificial Intelligence,,,,,FALSE,,email,https://badges.parchment.au/public/assertions/sNlKcGmpTEeL_6l8LJwgdQ/image
2026-05-20T14:00:00Z,Introduction to the Ethics of Artificial Intelligence,,,,,FALSE,,email,https://badges.parchment.au/public/assertions/EaPB0JqyTBmI2YGkC96G-A/image
2026-05-20T14:00:00Z,Introduction to the Ethics of Artificial Intelligence,,,,,FALSE,,email,https://badges.parchment.au/public/assertions/HPZIDeYWSKGGEMv-XIBKVQ/image
2026-05-20T14:00:00Z,Introduction to the Ethics of Artificial Intelligence,,,,,FALSE,,email,https://badges.parchment.au/public/assertions/GwF3wws9SJaSFCrpxoOqOA/image
2026-05-20T14:00:00Z,Introduction to the Ethics of Artificial Intelligence,,,,,FALSE,,email,https://badges.parchment.au/public/assertions/tPt5qR_fR_uw6ZLUMevaoQ/image
2026-05-20T14:00:00Z,Introduction to the Ethics of Artificial Intelligence,,,,,FALSE,,email,https://badges.parchment.au/public/assertions/nrbu7gYNQ2C9WJWC5ZJ_bA/image
2026-05-20T14:00:00Z,Introduction to the Ethics of Artificial Intelligence,,,,,FALSE,,email,https://badges.parchment.au/public/assertions/06ID1eXTSCed34044wHlEg/image
2026-05-20T14:00:00Z,Introduction to the Ethics of Artificial Intelligence,,,,,FALSE,,email,https://badges.parchment.au/public/assertions/0-XKt_3ZSDiyMZRCag7L7Q/image
2026-05-20T14:00:00Z,Introduction to the Ethics of Artificial Intelligence,,,,,FALSE,,email,https://badges.parchment.au/public/assertions/RLbb19SbT5-r88aKkA-UIQ/image
2026-05-20T14:00:00Z,Introduction to the Ethics of Artificial Intelligence,,,,,FALSE,,email,https://badges.parchment.au/public/assertions/jXqZPqQ5QbS7z9iiTTPEyQ/image
2026-05-20T14:00:00Z,Introduction to the Ethics of Artificial Intelligence,,,,,FALSE,,email,https://badges.parchment.au/public/assertions/LQQ7VAV5TG-7tLU9hmBCbg/image
2026-05-20T14:00:00Z,Introduction to the Ethics of Artificial Intelligence,,,,,FALSE,,email,https://badges.parchment.au/public/assertions/zYBwh9M5QR2Eu1UoPnWFrg/image
2026-05-20T14:00:00Z,Introduction to the Ethics of Artificial Intelligence,,,,,FALSE,,email,https://badges.parchment.au/public/assertions/-uZ_PqsKSq-xx_0WGojElg/image
2026-05-20T14:00:00Z,Introduction to the Ethics of Artificial Intelligence,,,,,FALSE,,email,https://badges.parchment.au/public/assertions/y-Ucip3nTwysA48RzJG55w/image
2026-05-20T14:00:00Z,Introduction to the Ethics of Artificial Intelligence,,,,,FALSE,,email,https://badges.parchment.au/public/assertions/2fmtgxc-Sb6NBfd1EBHT9A/image
2026-05-20T14:00:00Z,Introduction to the Ethics of Artificial Intelligence,,,,,FALSE,,email,https://badges.parchment.au/public/assertions/tF0725YESJmOy9V8tpHKGw/image
2026-05-20T14:00:00Z,Introduction to the Ethics of Artificial Intelligence,,,,,FALSE,,email,https://badges.parchment.au/public/assertions/12M9a0NiQ5C1_lMpPrfRSQ/image
2026-05-18T14:00:00Z,Disaster Management Essentials,,,,,FALSE,,email,https://badges.parchment.au/public/assertions/CfJch8qWRX2a1V9xbwlN6w/image
2026-05-18T14:00:00Z,Disaster Management Essentials,,,,,FALSE,,email,https://badges.parchment.au/public/assertions/csCqV8EXRueKiwIYHlCbDg/image
2026-05-18T14:00:00Z,Disaster Management Essentials,,,,,FALSE,,email,https://badges.parchment.au/public/assertions/_RTIbInrRqapYwkrVnSN_g/image
2026-05-18T14:00:00Z,Disaster Management Essentials,,,,,FALSE,,email,https://badges.parchment.au/public/assertions/O3EVf34vQNmY549ZpAkZog/image
2026-05-18T14:00:00Z,Disaster Management Essentials,,,,,FALSE,,email,https://badges.parchment.au/public/assertions/-rRf7N__SZmmwcN53ghfbg/image
2026-05-18T14:00:00Z,Disaster Management Essentials,,,,,FALSE,,email,https://badges.parchment.au/public/assertions/fSDzUm1USD6PnakdSfXxdw/image
2026-05-18T14:00:00Z,Disaster Management Essentials,,,,,FALSE,,email,https://badges.parchment.au/public/assertions/kq397dnvQ2ehf1VPH8Tc3w/image
2026-05-18T14:00:00Z,Disaster Management Essentials,,,,,FALSE,,email,https://badges.parchment.au/public/assertions/bWE9Bo4pQMmIQq83v_mhaQ/image
2026-05-17T22:00:00Z,Appointed Program Officer,,,,,FALSE,,email,https://badges.parchment.au/public/assertions/xbPwR0a0TfCEJW9gXWTG5A/image
2026-05-13T22:00:00Z,"Stolen Generations, Truth-Telling and Treaty",,,,,TRUE,Manually revoked by Issuer,email,https://badges.parchment.au/public/assertions/s4buDWoCT325iPTbnbXTSQ/image
2026-05-13T22:00:00Z,"Stolen Generations, Truth-Telling and Treaty",STUD_026,,,,TRUE,Manually revoked by Issuer,email,https://badges.parchment.au/public/assertions/rB-S56ipRbuHhXNSODYuCA/image
2026-05-13T22:00:00Z,"Stolen Generations, Truth-Telling and Treaty",,,,,FALSE,,email,https://badges.parchment.au/public/assertions/hbwJRvXCStO_Cyt8czGinA/image
2026-05-11T14:00:00Z,Designing Environments for Modern Learning,,,2033-05-11T14:00:00Z,,FALSE,,email,https://badges.parchment.au/public/assertions/V1kpNXgFTimsjkjE9xIIJQ/image
2026-05-11T14:00:00Z,Designing Environments for Modern Learning,,,2033-05-11T14:00:00Z,,FALSE,,email,https://badges.parchment.au/public/assertions/ZXs8SrOTTnSOtGoIc0vtrg/image
2026-05-11T14:00:00Z,Designing Environments for Modern Learning,,,2033-05-11T14:00:00Z,,FALSE,,email,https://badges.parchment.au/public/assertions/eU0sdddRQQWJSE1PVLwT2w/image
2026-05-11T14:00:00Z,Designing Environments for Modern Learning,,,2033-05-11T14:00:00Z,,FALSE,,email,https://badges.parchment.au/public/assertions/krZsdVFIT0OQ3AQA8tCteg/image
2026-05-11T14:00:00Z,Designing Environments for Modern Learning,,,2033-05-11T14:00:00Z,,FALSE,,email,https://badges.parchment.au/public/assertions/ubx-TG6MRZCAPsd6eIJtQw/image
2026-05-11T14:00:00Z,Designing Environments for Modern Learning,,,2033-05-11T14:00:00Z,,FALSE,,email,https://badges.parchment.au/public/assertions/cnllT-GKTlOUARZp4n6r7g/image
2026-05-11T14:00:00Z,Designing Environments for Modern Learning,,,2033-05-11T14:00:00Z,,FALSE,,email,https://badges.parchment.au/public/assertions/H-FDmmf1S1SNWtmWoQrE_g/image
2026-05-11T14:00:00Z,Designing Environments for Modern Learning,,,2033-05-11T14:00:00Z,,FALSE,,email,https://badges.parchment.au/public/assertions/t8AnbKrUSaOZa9w2PrTfjQ/image
2026-05-11T14:00:00Z,Designing Environments for Modern Learning,,,2033-05-11T14:00:00Z,,FALSE,,email,https://badges.parchment.au/public/assertions/mYkvkXBWSgC2VauroirNQw/image
2026-05-11T14:00:00Z,Designing Environments for Modern Learning,,,2033-05-11T14:00:00Z,,FALSE,,email,https://badges.parchment.au/public/assertions/ecqEpZz8TZW7SybWptErYw/image
2026-05-11T14:00:00Z,Designing Environments for Modern Learning,,,2033-05-11T14:00:00Z,,FALSE,,email,https://badges.parchment.au/public/assertions/O_bWY8euT4e7e7SuLidBYw/image
2026-05-11T14:00:00Z,Designing Environments for Modern Learning,,,2033-05-11T14:00:00Z,,FALSE,,email,https://badges.parchment.au/public/assertions/_KIQLZLjQ3qji1C8aNMPuA/image
2026-05-11T14:00:00Z,Designing Environments for Modern Learning,,,2033-05-11T14:00:00Z,,FALSE,,email,https://badges.parchment.au/public/assertions/0FJK7ha9TgO8GdP_KiAMLA/image
2026-05-11T14:00:00Z,Designing Environments for Modern Learning,,,2033-05-11T14:00:00Z,,FALSE,,email,https://badges.parchment.au/public/assertions/rjCHFsfMTqWP0bTGJvCNsg/image
2026-05-11T14:00:00Z,Designing Environments for Modern Learning,,,2033-05-11T14:00:00Z,,FALSE,,email,https://badges.parchment.au/public/assertions/-iZ7Aj8MQtu7POKfdRbaGQ/image
2026-05-11T14:00:00Z,Designing Environments for Modern Learning,,,2033-05-11T14:00:00Z,,FALSE,,email,https://badges.parchment.au/public/assertions/LKBWGB7LQtWa1p8nVsHEEQ/image
2026-05-11T14:00:00Z,Designing Environments for Modern Learning,,,2033-05-11T14:00:00Z,,FALSE,,email,https://badges.parchment.au/public/assertions/4PIam1T9STSNybLfp2jxMw/image
2026-05-11T14:00:00Z,Designing Environments for Modern Learning,,,2033-05-11T14:00:00Z,,FALSE,,email,https://badges.parchment.au/public/assertions/nHIfupJdTd63WyBVKexF8A/image
2026-05-11T14:00:00Z,Designing Environments for Modern Learning,,,2033-05-11T14:00:00Z,,FALSE,,email,https://badges.parchment.au/public/assertions/XXNW0GcTQ_utVd4tduJX8w/image
2026-05-11T14:00:00Z,Designing Environments for Modern Learning,,,2033-05-11T14:00:00Z,,FALSE,,email,https://badges.parchment.au/public/assertions/MmXGsHFBToWfYZoQRnsZyw/image
2026-05-11T02:20:10Z,Authorised Program Officer (APO) Professional Development,,,,,FALSE,,email,https://badges.parchment.au/public/assertions/5JfLMyB-Ss2eOp8LhWflDA/image
2026-05-11T02:20:10Z,Authorised Program Officer (APO) Professional Development,,,,,FALSE,,email,https://badges.parchment.au/public/assertions/UMn5bQZiRH6zLIARt-r3uA/image
2026-05-11T02:20:10Z,Authorised Program Officer (APO) Professional Development,,,,,FALSE,,email,https://badges.parchment.au/public/assertions/SVWSqp_ZQquf9s4-MH8Tgg/image
2026-05-11T02:20:10Z,Authorised Program Officer (APO) Professional Development,,,,,FALSE,,email,https://badges.parchment.au/public/assertions/mUPyaiRySZClzTsEn-2V6A/image
2026-05-11T02:20:10Z,Authorised Program Officer (APO) Professional Development,,,,,FALSE,,email,https://badges.parchment.au/public/assertions/ifW8FqleRsWK9cYOGo__9Q/image
2026-05-11T02:20:10Z,Authorised Program Officer (APO) Professional Development,,,,,FALSE,,email,https://badges.parchment.au/public/assertions/KBnbtzAzSGS8lcKgfF-VYw/image
2026-05-11T02:20:10Z,Authorised Program Officer (APO) Professional Development,,,,,FALSE,,email,https://badges.parchment.au/public/assertions/jP_cGaJPScCmD-JCRJbuGw/image
2026-05-11T02:20:10Z,Authorised Program Officer (APO) Professional Development,,,,,FALSE,,email,https://badges.parchment.au/public/assertions/vin515VUSia3sQEIOSwr2A/image
2026-05-11T02:20:10Z,Authorised Program Officer (APO) Professional Development,,,,,FALSE,,email,https://badges.parchment.au/public/assertions/_D4BCbFRQoWtu3hsMg-R9A/image
2026-05-11T02:20:10Z,Authorised Program Officer (APO) Professional Development,,,,,FALSE,,email,https://badges.parchment.au/public/assertions/IByYdQWqRieMGnJbPwLgNA/image
2026-05-11T02:20:10Z,Authorised Program Officer (APO) Professional Development,,,,,FALSE,,email,https://badges.parchment.au/public/assertions/oqS4BPteT2GbkmVJHM74Pw/image
2026-05-11T02:20:10Z,Authorised Program Officer (APO) Professional Development,,,,,FALSE,,email,https://badges.parchment.au/public/assertions/rXIhQkWdSyiMT5v-LobMyA/image
2026-05-11T02:20:10Z,Authorised Program Officer (APO) Professional Development,,,,,FALSE,,email,https://badges.parchment.au/public/assertions/0YoLlnNuQciUt2cep3sGKw/image
2026-05-11T02:20:10Z,Authorised Program Officer (APO) Professional Development,,,,,FALSE,,email,https://badges.parchment.au/public/assertions/NRPWZeNWSSi5azwoaAUKLg/image
2026-05-11T02:20:10Z,Authorised Program Officer (APO) Professional Development,,,,,FALSE,,email,https://badges.parchment.au/public/assertions/QJFt2TBcRm-EIcwdvwVdoA/image
2026-05-11T02:20:10Z,Authorised Program Officer (APO) Professional Development,,,,,FALSE,,email,https://badges.parchment.au/public/assertions/deb72iuUR3aLlxEKODb2Sg/image
2026-05-11T02:20:10Z,Authorised Program Officer (APO) Professional Development,,,,,FALSE,,email,https://badges.parchment.au/public/assertions/kYfFFDUWTA6AtDb_JoBjOA/image
2026-05-11T02:20:10Z,Authorised Program Officer (APO) Professional Development,,,,,FALSE,,email,https://badges.parchment.au/public/assertions/5M-6XnnETtmfFiQ8-WmepQ/image
2026-05-11T02:20:10Z,Authorised Program Officer (APO) Professional Development,,,,,FALSE,,email,https://badges.parchment.au/public/assertions/QbplnfpnReOQdVBxmy0YLQ/image
2026-05-11T02:20:10Z,Authorised Program Officer (APO) Professional Development,,,,,FALSE,,email,https://badges.parchment.au/public/assertions/lSMP3MSpSyOS8aRX0iWw6g/image
2026-05-11T02:20:10Z,Authorised Program Officer (APO) Professional Development,,,,,FALSE,,email,https://badges.parchment.au/public/assertions/0-lxffo1THaftJOUTHdH-Q/image
2026-05-11T02:20:10Z,Authorised Program Officer (APO) Professional Development,,,,,FALSE,,email,https://badges.parchment.au/public/assertions/Wy4JIxFST0e9l3Nhk7MU3w/image
2026-05-11T02:20:10Z,Authorised Program Officer (APO) Professional Development,,,,,FALSE,,email,https://badges.parchment.au/public/assertions/5qdAREovT_Gv3um7Gt37YQ/image
2026-05-11T02:20:10Z,Authorised Program Officer (APO) Professional Development,,,,,TRUE,Learner didn't receive Email,email,https://badges.parchment.au/public/assertions/R3-XBfx4T5m1QGqTP8bJbg/image
2026-05-11T02:20:10Z,Authorised Program Officer (APO) Professional Development,,,,,FALSE,,email,https://badges.parchment.au/public/assertions/MuoAOdHlRNyQCAWMGmZHNA/image
2026-05-11T02:20:00Z,Authorised Program Officer (APO) Professional Development,,,,,FALSE,,email,https://badges.parchment.au/public/assertions/RhG2BxjMQ5GOJyIgR5hquQ/image
2026-05-10T14:00:00Z,Understanding Treaty,STUD_340,,,,FALSE,,email,https://badges.parchment.au/public/assertions/VpOJsaViRti2yFeBn2_tRg/image
2026-05-10T14:00:00Z,Understanding Treaty,STUD_081,,,,FALSE,,email,https://badges.parchment.au/public/assertions/t98tsOtLREyo1vp4-6Xo8A/image
2026-05-10T14:00:00Z,Understanding Treaty,STUD_050,,,,FALSE,,email,https://badges.parchment.au/public/assertions/7MaXw5LeQhO8gAgNc8L99w/image
2026-05-10T14:00:00Z,Understanding Treaty,STUD_015,,,,FALSE,,email,https://badges.parchment.au/public/assertions/Uusu5-BOR7aAUBNRaF84vQ/image
2026-05-10T14:00:00Z,Understanding Treaty,STUD_304,,,,FALSE,,email,https://badges.parchment.au/public/assertions/30sWnxvSTae0aW-afx5Ynw/image
2026-05-10T14:00:00Z,Understanding Treaty,STUD_138,,,,FALSE,,email,https://badges.parchment.au/public/assertions/Bazt98tzRsefO38-_4Mhkw/image
2026-05-10T14:00:00Z,Understanding Treaty,STUD_107,,,,FALSE,,email,https://badges.parchment.au/public/assertions/FX8RFwcUS0KhHfl-0pxq8A/image
2026-05-10T14:00:00Z,Understanding Treaty,STUD_122,,,,FALSE,,email,https://badges.parchment.au/public/assertions/qHzU8YfITcWS47KSD-hrPA/image
2026-05-10T14:00:00Z,Understanding Treaty,STUD_045,,,,FALSE,,email,https://badges.parchment.au/public/assertions/KN05t95KQBabRjRGGtEXtQ/image
2026-05-10T14:00:00Z,Understanding Treaty,STUD_251,,,,FALSE,,email,https://badges.parchment.au/public/assertions/kL3qCgAFQaaUj--1tHU2hw/image
2026-05-10T14:00:00Z,Understanding Treaty,STUD_048,,,,FALSE,,email,https://badges.parchment.au/public/assertions/XbPhfsHNSBWFH6g78ABNfQ/image
2026-05-10T14:00:00Z,Understanding Treaty,STUD_259,,,,FALSE,,email,https://badges.parchment.au/public/assertions/ond7uhXDQoa0SVv4cDTWKQ/image
2026-05-10T14:00:00Z,Understanding Treaty,STUD_215,,,,FALSE,,email,https://badges.parchment.au/public/assertions/NDZyXZ1rQbakhgvSwf-ebQ/image
2026-05-10T14:00:00Z,Understanding Treaty,STUD_375,,,,FALSE,,email,https://badges.parchment.au/public/assertions/kwICtla1QiqwSvaplXp1qw/image
2026-05-10T14:00:00Z,Understanding Treaty,STUD_292,,,,FALSE,,email,https://badges.parchment.au/public/assertions/CI3ovpipTn-bC_9uL5ZMNw/image
2026-05-10T14:00:00Z,Understanding Treaty,STUD_002,,,,FALSE,,email,https://badges.parchment.au/public/assertions/kZtpQpmdRTiMcR2SxFTOcA/image
2026-05-10T14:00:00Z,Understanding Treaty,STUD_181,,,,FALSE,,email,https://badges.parchment.au/public/assertions/Z8GeoPwhTZu0f3X5_heWqg/image
2026-05-10T14:00:00Z,Understanding Treaty,STUD_348,,,,FALSE,,email,https://badges.parchment.au/public/assertions/WQXv_PlgSx6ws1r75gnBoA/image
2026-05-10T14:00:00Z,Understanding Treaty,,,,,FALSE,,email,https://badges.parchment.au/public/assertions/etXrwRfpTE2Mhd7LaXcRDQ/image
2026-05-10T14:00:00Z,Understanding Treaty,STUD_211,,,,FALSE,,email,https://badges.parchment.au/public/assertions/hlPHL0YkQcSRoRx8rdzN2g/image
2026-05-10T14:00:00Z,Understanding Treaty,STUD_049,,,,FALSE,,email,https://badges.parchment.au/public/assertions/LBriOn0bRaCk3M4t4OYq5g/image
2026-05-07T14:00:00Z,Understanding Treaty,STUD_351,,,,FALSE,,email,https://badges.parchment.au/public/assertions/PafCo6WlQAu9gSzM-My6zw/image
2026-05-07T14:00:00Z,Understanding Treaty,STUD_058,,,,FALSE,,email,https://badges.parchment.au/public/assertions/Iom4el7_TG63mQzvEMilpA/image
2026-05-07T14:00:00Z,Understanding Treaty,STUD_012,,,,FALSE,,email,https://badges.parchment.au/public/assertions/KFHHCGZeS0Odmd_gMIB8JA/image
2026-05-07T14:00:00Z,Understanding Treaty,STUD_216,,,,FALSE,,email,https://badges.parchment.au/public/assertions/7bgwHEQ5QtadXSpKrJDPTw/image
2026-05-07T14:00:00Z,Understanding Treaty,STUD_097,,,,FALSE,,email,https://badges.parchment.au/public/assertions/FT5rtWJzSUGF7o_djY_Rog/image
2026-05-07T14:00:00Z,Understanding Treaty,STUD_145,,,,FALSE,,email,https://badges.parchment.au/public/assertions/OcmePgWxToKc_6Xo6K5Q1w/image
2026-05-07T14:00:00Z,Understanding Treaty,STUD_128,,,,FALSE,,email,https://badges.parchment.au/public/assertions/qqKXvKO1TiaadDb1HqFYbw/image
2026-05-07T14:00:00Z,Understanding Treaty,STUD_096,,,,FALSE,,email,https://badges.parchment.au/public/assertions/UIVXwqhGSHWr82p0LiTOKA/image
2026-05-07T14:00:00Z,Understanding Treaty,STUD_027,,,,FALSE,,email,https://badges.parchment.au/public/assertions/hhxqj7biQOWKenHVa4uoXg/image
2026-05-07T14:00:00Z,Understanding Treaty,STUD_332,,,,FALSE,,email,https://badges.parchment.au/public/assertions/GQXZOpZbTbSrexza1dpOvg/image
2026-05-07T14:00:00Z,Understanding Treaty,STUD_078,,,,FALSE,,email,https://badges.parchment.au/public/assertions/TdLj7csuQlGtkCOUkP0yVQ/image
2026-05-07T14:00:00Z,Understanding Treaty,STUD_016,,,,FALSE,,email,https://badges.parchment.au/public/assertions/fRjpjtTPRW-FMa57DPwtdw/image
2026-05-07T14:00:00Z,Understanding Treaty,STUD_366,,,,FALSE,,email,https://badges.parchment.au/public/assertions/D8Ja8O33Tjiq7X1hXBK7gg/image
2026-05-07T14:00:00Z,Understanding Treaty,STUD_017,,,,FALSE,,email,https://badges.parchment.au/public/assertions/KveJwNzSRJeQZD_ug5VZig/image
2026-05-07T14:00:00Z,Understanding Treaty,STUD_142,,,,FALSE,,email,https://badges.parchment.au/public/assertions/tVGhbwXhRVmdU4sMpsKRIg/image
2026-05-07T14:00:00Z,Understanding Treaty,STUD_023,,,,FALSE,,email,https://badges.parchment.au/public/assertions/MF3_V3z4QMGkgbPeoBWzHQ/image
2026-05-07T14:00:00Z,Understanding Treaty,STUD_108,,,,FALSE,,email,https://badges.parchment.au/public/assertions/ZT1PUVBERGCVAkH9sQTQ4w/image
2026-05-07T14:00:00Z,Understanding Treaty,STUD_319,,,,FALSE,,email,https://badges.parchment.au/public/assertions/0aIt3IEgSueAgcj_o8qDCg/image
2026-05-07T14:00:00Z,Understanding Treaty,STUD_230,,,,FALSE,,email,https://badges.parchment.au/public/assertions/SFl6jN0LTq-cjd-bAAPxGQ/image
2026-05-07T14:00:00Z,Understanding Treaty,STUD_360,,,,FALSE,,email,https://badges.parchment.au/public/assertions/H6iCP3h8SI6GvKlORQMbHA/image
2026-05-07T14:00:00Z,Understanding Treaty,STUD_287,,,,FALSE,,email,https://badges.parchment.au/public/assertions/ziFIDKqhTJueJgOCu0qKUA/image
2026-05-07T14:00:00Z,Understanding Treaty,STUD_171,,,,FALSE,,email,https://badges.parchment.au/public/assertions/zOQYGjdfTp-K8R-rfscVjQ/image
2026-05-07T14:00:00Z,Understanding Treaty,,,,,FALSE,,email,https://badges.parchment.au/public/assertions/Ma8g8OwcTSSbImiub31V-g/image
2026-05-07T14:00:00Z,Understanding Treaty,STUD_063,,,,FALSE,,email,https://badges.parchment.au/public/assertions/3PgqrfPAQceuAphd6O8Duw/image
2026-05-07T14:00:00Z,Understanding Treaty,STUD_043,,,,FALSE,,email,https://badges.parchment.au/public/assertions/uoiB29f5S7uc-asGi3Od1w/image
2026-05-07T14:00:00Z,Understanding Treaty,STUD_031,,,,FALSE,,email,https://badges.parchment.au/public/assertions/-9hxjtMCQIGqn8TW2f7Dgg/image
2026-05-07T14:00:00Z,Understanding Treaty,STUD_200,,,,FALSE,,email,https://badges.parchment.au/public/assertions/SVos8XEDTpuyXoJsaJLTMQ/image
2026-05-07T14:00:00Z,Understanding Treaty,STUD_152,,,,FALSE,,email,https://badges.parchment.au/public/assertions/rswNN10xR8WA217_kws5VA/image
2026-05-06T14:00:00Z,Microbial Genomics: Bioinformatic Analysis Basics,,,,,FALSE,,email,https://badges.parchment.au/public/assertions/4QsWiTAZTReRM4L1F9jPkw/image
2026-05-06T14:00:00Z,Microbial Genomics: Bioinformatic Analysis Basics,,,,,FALSE,,email,https://badges.parchment.au/public/assertions/vvcS6C5-TzyNb0RQlQ3kDw/image
2026-05-06T14:00:00Z,Microbial Genomics: Bioinformatic Analysis Basics,,,,,FALSE,,email,https://badges.parchment.au/public/assertions/GIgPEysDQnu_Stj9OEu1QA/image
2026-05-06T14:00:00Z,Microbial Genomics: Bioinformatic Analysis Basics,,,,,FALSE,,email,https://badges.parchment.au/public/assertions/Utf9G0GIRJiZ29M9ARgmhA/image
2026-05-06T14:00:00Z,Microbial Genomics: Bioinformatic Analysis Basics,,,,,FALSE,,email,https://badges.parchment.au/public/assertions/DWFm1VJMShG5xwZRYXuw8g/image
2026-05-06T14:00:00Z,Microbial Genomics: Bioinformatic Analysis Basics,,,,,FALSE,,email,https://badges.parchment.au/public/assertions/x6xq99HcTK2acykY90uC-w/image
2026-05-06T14:00:00Z,Microbial Genomics: Bioinformatic Analysis Basics,,,,,FALSE,,email,https://badges.parchment.au/public/assertions/K2nhjnq8TDG1x34KHJN5fA/image
2026-05-06T14:00:00Z,Microbial Genomics: Bioinformatic Analysis Basics,,,,,FALSE,,email,https://badges.parchment.au/public/assertions/duA7Wey2Qy6o2q-vftxJYw/image
2026-05-06T14:00:00Z,Microbial Genomics: Bioinformatic Analysis Basics,,,,,FALSE,,email,https://badges.parchment.au/public/assertions/X0n2XeyTRi2ItKTTLDBLLw/image
2026-05-06T14:00:00Z,Microbial Genomics: Bioinformatic Analysis Basics,,,,,FALSE,,email,https://badges.parchment.au/public/assertions/IrRdNWReQv2NBZ7dTbcljQ/image
2026-05-06T14:00:00Z,Microbial Genomics: Bioinformatic Analysis Basics,,,,,FALSE,,email,https://badges.parchment.au/public/assertions/eYbWJUgrTZG2Hn5_wgdCmg/image
2026-04-26T22:00:00Z,Understanding Treaty,STUD_341,,,,FALSE,,email,https://badges.parchment.au/public/assertions/-OC3J9BFRSu7B5LX800OmQ/image
2026-04-19T14:00:00Z,Understanding Treaty,STUD_170,,,,FALSE,,email,https://badges.parchment.au/public/assertions/Evq_KTdOSJu3RVh7ihY8AQ/image
2026-04-19T14:00:00Z,Understanding Treaty,STUD_197,,,,FALSE,,email,https://badges.parchment.au/public/assertions/oLFAH1KxTGWsfnUyRKJUdQ/image
2026-04-19T14:00:00Z,Understanding Treaty,STUD_009,,,,FALSE,,email,https://badges.parchment.au/public/assertions/ingud0tTSMSkdHmxeVEJHg/image
2026-04-19T14:00:00Z,Understanding Treaty,STUD_060,,,,FALSE,,email,https://badges.parchment.au/public/assertions/6leaFp0USTOq8FFQuesdiw/image
2026-04-19T14:00:00Z,Understanding Treaty,STUD_335,,,,FALSE,,email,https://badges.parchment.au/public/assertions/VNXOLWZzQWObpOfbUNw3yA/image
2026-04-19T14:00:00Z,Understanding Treaty,STUD_094,,,,FALSE,,email,https://badges.parchment.au/public/assertions/lrYt4cKnQOS5FFypbfDpFA/image
2026-04-19T14:00:00Z,Understanding Treaty,STUD_370,,,,FALSE,,email,https://badges.parchment.au/public/assertions/-dDaJu-iShquGlTiRhxYLQ/image
2026-04-19T14:00:00Z,Understanding Treaty,STUD_139,,,,FALSE,,email,https://badges.parchment.au/public/assertions/PB6qYIRYQ9m2jhBNb8eXXg/image
2026-04-19T14:00:00Z,Understanding Treaty,STUD_368,,,,FALSE,,email,https://badges.parchment.au/public/assertions/j9wfwVtMS4iS8wuGlLaDHg/image
2026-04-19T14:00:00Z,Understanding Treaty,STUD_105,,,,FALSE,,email,https://badges.parchment.au/public/assertions/aDO2UfYzRASBNTEmEZd8aQ/image
2026-04-19T14:00:00Z,Understanding Treaty,STUD_260,,,,FALSE,,email,https://badges.parchment.au/public/assertions/7tWgP249TPK9mwxb9q0sog/image
2026-04-19T14:00:00Z,Understanding Treaty,STUD_289,,,,FALSE,,email,https://badges.parchment.au/public/assertions/g0AV0YzARqyqLI1ulBZKcQ/image
2026-04-19T14:00:00Z,Understanding Treaty,STUD_438,,,,FALSE,,email,https://badges.parchment.au/public/assertions/E6ODxG1gQFCQ7XZHG2FAIg/image
2026-04-19T14:00:00Z,Understanding Treaty,STUD_329,,,,FALSE,,email,https://badges.parchment.au/public/assertions/-6ySGHZRSkaDtX21IEekHg/image
2026-04-19T14:00:00Z,Understanding Treaty,STUD_434,,,,FALSE,,email,https://badges.parchment.au/public/assertions/bUEZzKBDQ3aMqy30_Cnx1Q/image
2026-04-19T14:00:00Z,Understanding Treaty,STUD_279,,,,FALSE,,email,https://badges.parchment.au/public/assertions/f5Z91VnYQYGA2AH8LTmUEA/image
2026-04-19T14:00:00Z,Understanding Treaty,STUD_333,,,,FALSE,,email,https://badges.parchment.au/public/assertions/Hyqpk3LtQyyR1iiKOPbZjw/image
2026-04-19T14:00:00Z,Understanding Treaty,STUD_341,,,,TRUE,Manually revoked by Issuer,email,https://badges.parchment.au/public/assertions/feI4NNr3TLiMfdwFvvnW2g/image
2026-04-19T14:00:00Z,Understanding Treaty,STUD_154,,,,FALSE,,email,https://badges.parchment.au/public/assertions/ECGDiYFFR72ztW6Hg6vxEQ/image
2026-04-19T14:00:00Z,Understanding Treaty,STUD_361,,,,FALSE,,email,https://badges.parchment.au/public/assertions/gyR1v0OPTe-EJTWHo2OsOA/image
2026-04-19T14:00:00Z,Understanding Treaty,STUD_186,,,,FALSE,,email,https://badges.parchment.au/public/assertions/cySYhmC5ShGp-Zl3lNLVtQ/image
2026-04-19T14:00:00Z,Understanding Treaty,,,,,FALSE,,email,https://badges.parchment.au/public/assertions/XFnMYDqiTRGLFJw84zl7BA/image
2026-04-19T14:00:00Z,Understanding Treaty,STUD_013,,,,FALSE,,email,https://badges.parchment.au/public/assertions/edR8mDwYQbq8ISGW7S-qOA/image
2026-04-19T14:00:00Z,Understanding Treaty,STUD_098,,,,FALSE,,email,https://badges.parchment.au/public/assertions/hxyYEJDkSY-hIpCjGp7A5w/image
2026-04-19T14:00:00Z,Understanding Treaty,STUD_232,,,,FALSE,,email,https://badges.parchment.au/public/assertions/Nmpnh-cSTQyrtMySxdUCSg/image
2026-04-19T14:00:00Z,Understanding Treaty,STUD_174,,,,FALSE,,email,https://badges.parchment.au/public/assertions/lvplbYK_S7-JqObkKdmHzQ/image
2026-04-19T14:00:00Z,Understanding Treaty,STUD_391,,,,FALSE,,email,https://badges.parchment.au/public/assertions/lll_in5oQ2ucf0ipcTNMCQ/image
2026-04-19T14:00:00Z,Understanding Treaty,STUD_164,,,,FALSE,,email,https://badges.parchment.au/public/assertions/tFIanZpoRj2eXhPcjcGcMg/image
2026-04-19T14:00:00Z,Understanding Treaty,STUD_228,,,,FALSE,,email,https://badges.parchment.au/public/assertions/b2ZouuKuT7a_ufR9iZMIpw/image
2026-04-19T14:00:00Z,Understanding Treaty,STUD_297,,,,FALSE,,email,https://badges.parchment.au/public/assertions/qhCsTq4hQfeEQs0uNnkagg/image
2026-04-19T14:00:00Z,Understanding Treaty,STUD_364,,,,FALSE,,email,https://badges.parchment.au/public/assertions/q3TezgMXT6SX-8Bl0W8EIw/image
2026-04-19T14:00:00Z,Understanding Treaty,STUD_267,,,,FALSE,,email,https://badges.parchment.au/public/assertions/UnXy4H41QN-zdKPvUprB5Q/image
2026-04-19T14:00:00Z,Understanding Treaty,STUD_173,,,,FALSE,,email,https://badges.parchment.au/public/assertions/KzXax3hMTQ6OyzIo-rMGhQ/image
2026-04-19T14:00:00Z,Understanding Treaty,STUD_321,,,,FALSE,,email,https://badges.parchment.au/public/assertions/KvX6wZJXQxevVAR98OnPAA/image
2026-04-19T14:00:00Z,Understanding Treaty,STUD_178,,,,FALSE,,email,https://badges.parchment.au/public/assertions/uv7HGKwOQ4GJ7j_cUeYCWA/image
2026-04-19T14:00:00Z,Understanding Treaty,STUD_067,,,,FALSE,,email,https://badges.parchment.au/public/assertions/Gm1RjZPiThWj8c4MGNUrVg/image
2026-04-19T14:00:00Z,Understanding Treaty,STUD_198,,,,FALSE,,email,https://badges.parchment.au/public/assertions/2Q9euJ4mR02vHJjrwfC9NA/image
2026-04-19T14:00:00Z,Understanding Treaty,STUD_185,,,,FALSE,,email,https://badges.parchment.au/public/assertions/xo9OB5tOSVmBk7tss0YYhA/image
2026-04-19T14:00:00Z,Understanding Treaty,STUD_262,,,,FALSE,,email,https://badges.parchment.au/public/assertions/OBzDtJZnRWumzwkkHWwI6w/image
2026-04-19T14:00:00Z,Understanding Treaty,STUD_270,,,,FALSE,,email,https://badges.parchment.au/public/assertions/IUZTXv6BRnqvyMtMhzN4vA/image
2026-04-19T14:00:00Z,Understanding Treaty,STUD_044,,,,FALSE,,email,https://badges.parchment.au/public/assertions/XLHq_ynmQSC2IqRrFXGfHg/image
2026-04-19T14:00:00Z,Understanding Treaty,STUD_054,,,,FALSE,,email,https://badges.parchment.au/public/assertions/hG73NE8FRTi4t9j3e9LkWw/image
2026-04-19T14:00:00Z,Understanding Treaty,STUD_183,,,,FALSE,,email,https://badges.parchment.au/public/assertions/R0ohXlV5SUeIuTJsHvh7vA/image
2026-04-19T14:00:00Z,Understanding Treaty,STUD_029,,,,FALSE,,email,https://badges.parchment.au/public/assertions/4tGvMtgQRs-7YEW1Phq2YQ/image
2026-04-19T14:00:00Z,Understanding Treaty,STUD_244,,,,FALSE,,email,https://badges.parchment.au/public/assertions/N6g9k6LeQOeNYbk6pDOWmw/image
2026-04-19T14:00:00Z,Understanding Treaty,STUD_172,,,,FALSE,,email,https://badges.parchment.au/public/assertions/ljbvQ74dRsSedeYgV6_x-A/image
2026-04-19T14:00:00Z,Understanding Treaty,STUD_300,,,,FALSE,,email,https://badges.parchment.au/public/assertions/fzr70-UURrWgah3iVULbbQ/image
2026-04-19T14:00:00Z,Understanding Treaty,STUD_010,,,,FALSE,,email,https://badges.parchment.au/public/assertions/uUve0n9FTjylLLBt8BATog/image
2026-04-19T14:00:00Z,Understanding Treaty,STUD_313,,,,FALSE,,email,https://badges.parchment.au/public/assertions/te4QPqOxQOe2JvVg8AGWwA/image
2026-04-19T14:00:00Z,Understanding Treaty,STUD_066,,,,FALSE,,email,https://badges.parchment.au/public/assertions/nSrm93wKSEaUVfD7vl1xPg/image
2026-04-19T14:00:00Z,Understanding Treaty,STUD_246,,,,FALSE,,email,https://badges.parchment.au/public/assertions/vIKM26C6T1uiEFB_SufdUA/image
2026-04-19T14:00:00Z,Understanding Treaty,STUD_036,,,,FALSE,,email,https://badges.parchment.au/public/assertions/SwAWTZS5Sqe1RGHulfo94w/image
2026-04-19T14:00:00Z,Understanding Treaty,STUD_353,,,,FALSE,,email,https://badges.parchment.au/public/assertions/1JrMuNCpTOK8iQ3NhHmTQQ/image
2026-04-19T14:00:00Z,Understanding Treaty,STUD_293,,,,FALSE,,email,https://badges.parchment.au/public/assertions/yBIKE_DfTYeGAnpx4Qb2oA/image
2026-04-19T14:00:00Z,Understanding Treaty,STUD_294,,,,FALSE,,email,https://badges.parchment.au/public/assertions/8SupbtKUTEOgmzG8QinP8g/image
2026-04-19T14:00:00Z,Understanding Treaty,STUD_124,,,,FALSE,,email,https://badges.parchment.au/public/assertions/eJEYTxzYRSqlBT0Z-wa0-A/image
2026-04-19T14:00:00Z,Understanding Treaty,STUD_147,,,,FALSE,,email,https://badges.parchment.au/public/assertions/xOWTWtg5Sl-x2R10NOpLyA/image
2026-04-19T14:00:00Z,Understanding Treaty,STUD_275,,,,FALSE,,email,https://badges.parchment.au/public/assertions/rtVe2NruSIix1tZAcUG-eg/image
2026-04-19T14:00:00Z,Understanding Treaty,STUD_140,,,,FALSE,,email,https://badges.parchment.au/public/assertions/lH5JkUVzS8CQUPOLbBj0Zw/image
2026-04-19T14:00:00Z,Understanding Treaty,STUD_227,,,,FALSE,,email,https://badges.parchment.au/public/assertions/xB3zwnW2QFyUZlCb5FXiHQ/image
2026-04-19T14:00:00Z,Understanding Treaty,STUD_359,,,,FALSE,,email,https://badges.parchment.au/public/assertions/TNqF8bCZSbOqfbmdlQZ3lQ/image
2026-04-19T14:00:00Z,Understanding Treaty,STUD_231,,,,FALSE,,email,https://badges.parchment.au/public/assertions/RLiRzk0aTWuJOfuzGXAu6w/image
2026-04-19T14:00:00Z,Understanding Treaty,STUD_071,,,,FALSE,,email,https://badges.parchment.au/public/assertions/FkQORBy8Q0ijca6HwWr4vQ/image
2026-04-19T14:00:00Z,Understanding Treaty,STUD_112,,,,FALSE,,email,https://badges.parchment.au/public/assertions/GVMP-WuVTHqEq4XAG6Yc9w/image
2026-04-19T14:00:00Z,Understanding Treaty,STUD_127,,,,FALSE,,email,https://badges.parchment.au/public/assertions/zjo5AJdsQMOD7idHNxnAAw/image
2026-04-19T14:00:00Z,Understanding Treaty,STUD_028,,,,FALSE,,email,https://badges.parchment.au/public/assertions/BBCA66MAS7OgRdK2SbrsuA/image
2026-04-19T14:00:00Z,Understanding Treaty,STUD_350,,,,FALSE,,email,https://badges.parchment.au/public/assertions/lzZuqpxLQh-sUdho8_1K6Q/image
2026-04-19T14:00:00Z,Understanding Treaty,STUD_343,,,,FALSE,,email,https://badges.parchment.au/public/assertions/EDlcRV0BScqwBEk4AF0qKw/image
2026-04-19T14:00:00Z,Understanding Treaty,STUD_095,,,,FALSE,,email,https://badges.parchment.au/public/assertions/UW5vQa5rQIKJkcZbduwmSQ/image
2026-04-19T14:00:00Z,Understanding Treaty,STUD_311,,,,FALSE,,email,https://badges.parchment.au/public/assertions/IDuoEBGHTduTH3kwxbl7tQ/image
2026-04-19T14:00:00Z,Understanding Treaty,STUD_248,,,,FALSE,,email,https://badges.parchment.au/public/assertions/WM1groJZRNezhqx6zXP6Jg/image
2026-04-19T14:00:00Z,Understanding Treaty,STUD_427,,,,FALSE,,email,https://badges.parchment.au/public/assertions/v9jaubO9SAycXrtaMagzlw/image
2026-04-19T14:00:00Z,Understanding Treaty,STUD_207,,,,FALSE,,email,https://badges.parchment.au/public/assertions/vncZn0tpRni2eiBd8-QYxw/image
2026-04-19T14:00:00Z,Understanding Treaty,STUD_180,,,,FALSE,,email,https://badges.parchment.au/public/assertions/56WUpErASDq_4c77pqJC8A/image
2026-04-19T14:00:00Z,Understanding Treaty,STUD_019,,,,FALSE,,email,https://badges.parchment.au/public/assertions/e2li4Vu_QXeYa-LoMOJDCw/image
2026-04-13T04:17:06Z,Appointed Program Officer,,,,,FALSE,,email,https://badges.parchment.au/public/assertions/QplIo0w8TpqCIaLpdlpdCQ/image
2026-04-13T04:17:06Z,Appointed Program Officer,,,,,FALSE,,email,https://badges.parchment.au/public/assertions/11AnocLrRPSqwvuhratZGA/image
2026-04-13T04:17:06Z,Appointed Program Officer,,,,,FALSE,,email,https://badges.parchment.au/public/assertions/BpSZHFOlStqYSbZlbCU7cQ/image
2026-04-13T04:14:10Z,Appointed Program Officer,,,,,FALSE,,email,https://badges.parchment.au/public/assertions/Otnogb2qQfewjpzglV2DFg/image
2026-04-13T04:14:10Z,Appointed Program Officer,,,,,FALSE,,email,https://badges.parchment.au/public/assertions/tLVPqpmfQUq8jmgXHNYYzQ/image
2026-04-13T04:14:10Z,Appointed Program Officer,,,,,FALSE,,email,https://badges.parchment.au/public/assertions/wSos-LOoQlyyUe0TVqujow/image
2026-04-13T04:14:10Z,Appointed Program Officer,,,,,FALSE,,email,https://badges.parchment.au/public/assertions/LokJMeROTjC34-Q45ojTcQ/image
2026-04-13T04:14:10Z,Appointed Program Officer,,,,,FALSE,,email,https://badges.parchment.au/public/assertions/F6H0ovztSA2E95muHZ-12Q/image
2026-04-13T04:14:10Z,Appointed Program Officer,,,,,FALSE,,email,https://badges.parchment.au/public/assertions/Yv3Mdb0xTpisH9VasO53Cw/image
2026-04-13T04:14:10Z,Appointed Program Officer,,,,,FALSE,,email,https://badges.parchment.au/public/assertions/J2SXkNrKT7-pBq3XBFxxQg/image
2026-04-13T04:14:10Z,Appointed Program Officer,,,,,FALSE,,email,https://badges.parchment.au/public/assertions/ZvA8fOJtQ5-zTsZuEl7lpg/image
2026-04-13T04:14:10Z,Appointed Program Officer,,,,,FALSE,,email,https://badges.parchment.au/public/assertions/mOTmptU7SiSV_bvLPG1eeQ/image
2026-04-13T04:14:10Z,Appointed Program Officer,,,,,FALSE,,email,https://badges.parchment.au/public/assertions/2oV8ZtkTQgCunWjAquzleQ/image
2026-04-13T04:14:10Z,Appointed Program Officer,,,,,FALSE,,email,https://badges.parchment.au/public/assertions/l6xL-kkgQiC3s6-pYfYA2A/image
2026-04-13T04:14:10Z,Appointed Program Officer,,,,,FALSE,,email,https://badges.parchment.au/public/assertions/TSUsixDkTyCeiOg45QmfRQ/image
2026-04-13T04:14:10Z,Appointed Program Officer,,,,,FALSE,,email,https://badges.parchment.au/public/assertions/7DdWRhy-RbWp94DJAioA0w/image
2026-04-13T04:14:10Z,Appointed Program Officer,,,,,FALSE,,email,https://badges.parchment.au/public/assertions/BhmuimF1SNKJr-xX2T81lQ/image
2026-04-13T04:14:10Z,Appointed Program Officer,,,,,FALSE,,email,https://badges.parchment.au/public/assertions/7Eumapo0QnqBQ71rfsASyg/image
2026-04-13T04:14:10Z,Appointed Program Officer,,,,,FALSE,,email,https://badges.parchment.au/public/assertions/_bWUFse4Tteyask-BLfeeg/image
2026-04-13T04:14:10Z,Appointed Program Officer,,,,,FALSE,,email,https://badges.parchment.au/public/assertions/Xcl7I76xQHiLPP-tq0UFFg/image
2026-04-13T04:14:10Z,Appointed Program Officer,,,,,FALSE,,email,https://badges.parchment.au/public/assertions/njBM3dtPTFy1b8B1xgACKQ/image
2026-04-13T04:14:10Z,Appointed Program Officer,,,,,FALSE,,email,https://badges.parchment.au/public/assertions/6ovkHl2fRG-bMcqbrQri7g/image
2026-04-13T04:11:36Z,Appointed Program Officer,,,,,FALSE,,email,https://badges.parchment.au/public/assertions/7THNJk5USrWAUCMzNQc-Cg/image
2026-04-13T04:11:36Z,Appointed Program Officer,,,,,FALSE,,email,https://badges.parchment.au/public/assertions/nBJ197YtQyqqoup1SJuWMQ/image
2026-04-13T04:11:36Z,Appointed Program Officer,,,,,FALSE,,email,https://badges.parchment.au/public/assertions/UnIpJMYRSGutHBpngCu3kw/image
2026-04-13T04:11:36Z,Appointed Program Officer,,,,,FALSE,,email,https://badges.parchment.au/public/assertions/B6F6QOfzSf-m_35cw-I2BA/image
2026-04-13T04:11:36Z,Appointed Program Officer,,,,,FALSE,,email,https://badges.parchment.au/public/assertions/iFyYEQ5aQHqTebJtJBbBXA/image
2026-04-13T04:11:36Z,Appointed Program Officer,,,,,FALSE,,email,https://badges.parchment.au/public/assertions/fZFvVY5eQqaywaPiX7gKXw/image
2026-04-13T04:11:36Z,Appointed Program Officer,,,,,FALSE,,email,https://badges.parchment.au/public/assertions/XSiPRjkDSOiXvXh2CTVb8w/image
2026-04-13T04:11:36Z,Appointed Program Officer,,,,,FALSE,,email,https://badges.parchment.au/public/assertions/LNP7eN1oTfGeUOMspOpeOg/image
2026-04-13T04:11:36Z,Appointed Program Officer,,,,,FALSE,,email,https://badges.parchment.au/public/assertions/1TWn3Y5RTWOiUZuIeToIXw/image
2026-04-13T04:11:36Z,Appointed Program Officer,,,,,FALSE,,email,https://badges.parchment.au/public/assertions/fMmYTrz5ROek97pbnpvHaw/image
2026-04-13T03:00:46Z,Appointed Program Officer,,,,,FALSE,,email,https://badges.parchment.au/public/assertions/GCAKM3uORIGYImxNlU0kzw/image
2026-04-13T03:00:46Z,Appointed Program Officer,,,,,FALSE,,email,https://badges.parchment.au/public/assertions/by9MXF0RQMGNoKGM0_-aGg/image
2026-04-13T03:00:46Z,Appointed Program Officer,,,,,FALSE,,email,https://badges.parchment.au/public/assertions/IHwdMIgJQnOjtmaxi2IcyA/image
2026-04-13T03:00:46Z,Appointed Program Officer,,,,,FALSE,,email,https://badges.parchment.au/public/assertions/jr3HAiCdSSCSy7gMPJslkA/image
2026-04-13T03:00:46Z,Appointed Program Officer,,,,,FALSE,,email,https://badges.parchment.au/public/assertions/3i5VUe15SCW7YmSuz_VErQ/image
2026-04-13T03:00:46Z,Appointed Program Officer,,,,,FALSE,,email,https://badges.parchment.au/public/assertions/WhC6AjDLSCSdtBG6AxBj0g/image
2026-04-13T03:00:46Z,Appointed Program Officer,,,,,FALSE,,email,https://badges.parchment.au/public/assertions/ZyHGtSf7RZ6-dOBca0GiGg/image
2026-04-13T03:00:46Z,Appointed Program Officer,,,,,FALSE,,email,https://badges.parchment.au/public/assertions/3viq4_icTzakInQZbBHJow/image
2026-04-13T03:00:46Z,Appointed Program Officer,,,,,FALSE,,email,https://badges.parchment.au/public/assertions/ynGQINVoQEaFuVcQfa8Ndw/image
2026-04-13T03:00:46Z,Appointed Program Officer,,,,,FALSE,,email,https://badges.parchment.au/public/assertions/MywwnFiVQMqdZ3FnyeDJRA/image
2026-04-09T14:00:00Z,Microbial Genomics: DNA Sequencing Basics,,,,,FALSE,,email,https://badges.parchment.au/public/assertions/cSNLF7FeQ3qP8vu_KcCblw/image
2026-04-09T14:00:00Z,Microbial Genomics: DNA Sequencing Basics,,,,,FALSE,,email,https://badges.parchment.au/public/assertions/7J0SbxCUR-uTmYQ__RUF6A/image
2026-04-09T14:00:00Z,Microbial Genomics: DNA Sequencing Basics,,,,,FALSE,,email,https://badges.parchment.au/public/assertions/VK51cUkQRhCo5BonWrYLcA/image
2026-04-09T14:00:00Z,Microbial Genomics: DNA Sequencing Basics,,,,,FALSE,,email,https://badges.parchment.au/public/assertions/g4t2cqzNRaKrW_sukKr3vA/image
2026-04-09T14:00:00Z,Microbial Genomics: DNA Sequencing Basics,,,,,FALSE,,email,https://badges.parchment.au/public/assertions/6gc-PxTlRHmIA1y_rhMPzw/image
2026-04-09T14:00:00Z,Microbial Genomics: DNA Sequencing Basics,,,,,FALSE,,email,https://badges.parchment.au/public/assertions/Z5bbezXoSbSR_DCKVYiSrw/image
2026-04-09T14:00:00Z,Microbial Genomics: DNA Sequencing Basics,,,,,FALSE,,email,https://badges.parchment.au/public/assertions/UCa5w3kKSwuUUcdwIfGSvw/image
2026-04-09T14:00:00Z,Microbial Genomics: DNA Sequencing Basics,,,,,FALSE,,email,https://badges.parchment.au/public/assertions/lguxsnkfT4emUBPu8KUyTg/image
2026-04-09T14:00:00Z,Microbial Genomics: DNA Sequencing Basics,,,,,FALSE,,email,https://badges.parchment.au/public/assertions/bn9SVz2rRQC850BH52ZqmQ/image
2026-04-09T14:00:00Z,Microbial Genomics: DNA Sequencing Basics,,,,,FALSE,,email,https://badges.parchment.au/public/assertions/AE9iQmHIRCC91_FUxdR6RQ/image
2026-04-09T14:00:00Z,Microbial Genomics: DNA Sequencing Basics,,,,,FALSE,,email,https://badges.parchment.au/public/assertions/Rz76PwukTtKxR0j8rlK3eQ/image
2026-04-09T14:00:00Z,Microbial Genomics: DNA Sequencing Basics,,,,,FALSE,,email,https://badges.parchment.au/public/assertions/Bjfy1APaTM2oarCuS6UNbw/image
2026-04-09T14:00:00Z,Microbial Genomics: DNA Sequencing Basics,,,,,FALSE,,email,https://badges.parchment.au/public/assertions/eHRKKhbLT4OyYUFykE6M7Q/image
2026-04-09T14:00:00Z,Microbial Genomics: DNA Sequencing Basics,,,,,FALSE,,email,https://badges.parchment.au/public/assertions/4AC6V8cZRt-N55L0jxZCkA/image
2026-04-09T14:00:00Z,Microbial Genomics: Bioinformatic Analysis Basics,,,,,FALSE,,email,https://badges.parchment.au/public/assertions/QI8Acu03RUiJD-E7anBmGw/image
2026-04-09T14:00:00Z,Microbial Genomics: Bioinformatic Analysis Basics,,,,,FALSE,,email,https://badges.parchment.au/public/assertions/66UJ-eDrRUGIBcZR8tiF6Q/image
2026-04-09T14:00:00Z,Microbial Genomics: Bioinformatic Analysis Basics,,,,,FALSE,,email,https://badges.parchment.au/public/assertions/GKCmnvOPS-O8sP734pv2tA/image
2026-04-09T14:00:00Z,Microbial Genomics: Bioinformatic Analysis Basics,,,,,FALSE,,email,https://badges.parchment.au/public/assertions/Is-0NT-VRzK4U3WH5O0lwg/image
2026-04-09T14:00:00Z,Microbial Genomics: Bioinformatic Analysis Basics,,,,,FALSE,,email,https://badges.parchment.au/public/assertions/REMfOy4jS9OfxSHeeSgf0w/image
2026-04-09T14:00:00Z,Microbial Genomics: Bioinformatic Analysis Basics,,,,,FALSE,,email,https://badges.parchment.au/public/assertions/oAeQIBG7QXm2yMgupm6a1g/image
2026-04-09T14:00:00Z,Microbial Genomics: Bioinformatic Analysis Basics,,,,,FALSE,,email,https://badges.parchment.au/public/assertions/HCcydh7-RBGln4v0l148Cg/image
2026-04-09T14:00:00Z,Microbial Genomics: Bioinformatic Analysis Basics,,,,,FALSE,,email,https://badges.parchment.au/public/assertions/Ks4PYFD-SseY93F6JvJALQ/image
2026-04-09T14:00:00Z,Microbial Genomics: Bioinformatic Analysis Basics,,,,,FALSE,,email,https://badges.parchment.au/public/assertions/_s9Mt8EtSNm3CvUT-vLhgQ/image
2026-04-09T14:00:00Z,Microbial Genomics: Bioinformatic Analysis Basics,,,,,FALSE,,email,https://badges.parchment.au/public/assertions/PX50wUz6Q6S1ApNx7yphIw/image
2026-04-09T14:00:00Z,Microbial Genomics: Bioinformatic Analysis Basics,,,,,FALSE,,email,https://badges.parchment.au/public/assertions/n0MUBZJER1qYtGaLBJuFNA/image
2026-04-09T14:00:00Z,Microbial Genomics: Bioinformatic Analysis Basics,,,,,FALSE,,email,https://badges.parchment.au/public/assertions/pPOhVvwnQkGNfqqL6NVxKw/image
2026-04-09T14:00:00Z,Microbial Genomics: Bioinformatic Analysis Basics,,,,,FALSE,,email,https://badges.parchment.au/public/assertions/_uCEQmA6SDm9A1TL9qfUcQ/image
2026-04-09T14:00:00Z,Microbial Genomics: Bioinformatic Analysis Basics,,,,,FALSE,,email,https://badges.parchment.au/public/assertions/mqFkUMzURBO4Or8crNNexQ/image
2026-03-16T21:00:00Z,"Stolen Generations, Truth-Telling and Treaty",STUD_026,,,,FALSE,,email,https://badges.parchment.au/public/assertions/SHFgRcXSQWWoLGadg-9ceQ/image
2026-03-16T21:00:00Z,"Stolen Generations, Truth-Telling and Treaty",,,,,TRUE,Manually revoked by Issuer,email,https://badges.parchment.au/public/assertions/qFcDlQ-zQ3-GVxdAyp_hGw/image
2026-03-01T21:00:00Z,Nationhood and Self-Determination,STUD_026,,,,FALSE,,email,https://badges.parchment.au/public/assertions/TuljXxhZQjyuAgf4Angbpw/image
2026-02-22T21:00:00Z,Nationhood and Self-Determination,,,,,FALSE,,email,https://badges.parchment.au/public/assertions/xMxUAHaRTByJd5nNH0m7SA/image
2026-02-11T21:00:00Z,Nationhood and Self-Determination,STUD_026,,,,TRUE,Manually revoked by Issuer,email,https://badges.parchment.au/public/assertions/4ZZwLh07TnCNqiLV_2qNOQ/image
2026-02-02T01:06:41Z,Authorised Program Officer (APO) Professional Development,,,,,FALSE,,email,https://badges.parchment.au/public/assertions/Rhruwv7SSzeUZvmtkpoIDw/image
2026-02-02T01:06:41Z,Authorised Program Officer (APO) Professional Development,,,,,FALSE,,email,https://badges.parchment.au/public/assertions/XJr0-IXKTzaT6y8PYyyMUA/image
2026-02-02T01:06:41Z,Authorised Program Officer (APO) Professional Development,,,,,FALSE,,email,https://badges.parchment.au/public/assertions/WhI_4L-VTbWSF_duZdcLgg/image
2026-02-02T01:06:41Z,Authorised Program Officer (APO) Professional Development,,,,,FALSE,,email,https://badges.parchment.au/public/assertions/T-QGfGE5RsGv_7JEGMrKTA/image
2026-01-18T21:00:00Z,Build Custom AI Tools for Healthcare,,,,,FALSE,,email,https://badges.parchment.au/public/assertions/tldjjjVASSmzD5WAoxJv3A/image
2026-01-04T13:00:00Z,"Stolen Generations, Truth-Telling and Treaty",STUD_170,,,,FALSE,,email,https://badges.parchment.au/public/assertions/LZRgFiwxTZizjMI0ydL3kg/image
2026-01-04T13:00:00Z,"Stolen Generations, Truth-Telling and Treaty",,,,,FALSE,,email,https://badges.parchment.au/public/assertions/RECd7gOOQPOtsDkr31RCeg/image
2026-01-04T13:00:00Z,"Stolen Generations, Truth-Telling and Treaty",STUD_012,,,,FALSE,,email,https://badges.parchment.au/public/assertions/4aN1RqzxS5i_FQGqhm6-hA/image
2026-01-04T13:00:00Z,"Stolen Generations, Truth-Telling and Treaty",,,,,FALSE,,email,https://badges.parchment.au/public/assertions/3keT6uEDQtqpxPLf16q_Mg/image
2026-01-04T13:00:00Z,"Stolen Generations, Truth-Telling and Treaty",,,,,FALSE,,email,https://badges.parchment.au/public/assertions/AZ7_8txOQGOLaPq_HnLnhQ/image
2026-01-04T13:00:00Z,"Stolen Generations, Truth-Telling and Treaty",STUD_332,,,,FALSE,,email,https://badges.parchment.au/public/assertions/bf1L_GgXSyWRKVAaw0xj5g/image
2026-01-04T13:00:00Z,"Stolen Generations, Truth-Telling and Treaty",,,,,FALSE,,email,https://badges.parchment.au/public/assertions/DIk4SihJTHOCYU6ccoY7Eg/image
2026-01-04T13:00:00Z,"Stolen Generations, Truth-Telling and Treaty",STUD_376,,,,FALSE,,email,https://badges.parchment.au/public/assertions/g3gO7JNFShudLQ_bGC64jQ/image
2026-01-04T13:00:00Z,"Stolen Generations, Truth-Telling and Treaty",STUD_247,,,,FALSE,,email,https://badges.parchment.au/public/assertions/O61LWUADQm6_dW886H876A/image
2026-01-04T13:00:00Z,"Stolen Generations, Truth-Telling and Treaty",,,,,FALSE,,email,https://badges.parchment.au/public/assertions/5AqlOJ8oSLK8H3-nqAV56w/image
2026-01-04T13:00:00Z,"Stolen Generations, Truth-Telling and Treaty",STUD_360,,,,FALSE,,email,https://badges.parchment.au/public/assertions/_tzQ4hW-TcapV8EhukcVpA/image
2026-01-04T13:00:00Z,"Stolen Generations, Truth-Telling and Treaty",,,,,FALSE,,email,https://badges.parchment.au/public/assertions/vAkJAXmAQbCFeFEkxg016g/image
2026-01-04T13:00:00Z,"Stolen Generations, Truth-Telling and Treaty",,,,,FALSE,,email,https://badges.parchment.au/public/assertions/rg_MEkBSSR-OTdsawkPHJA/image
2026-01-04T13:00:00Z,"Stolen Generations, Truth-Telling and Treaty",,,,,FALSE,,email,https://badges.parchment.au/public/assertions/l2Eeb9M5TYmghgSWDe0Hvw/image
2026-01-04T13:00:00Z,"Stolen Generations, Truth-Telling and Treaty",STUD_230,,,,FALSE,,email,https://badges.parchment.au/public/assertions/ZMRfH7OQRLW82jLvZW2Epw/image
2026-01-04T13:00:00Z,"Stolen Generations, Truth-Telling and Treaty",STUD_232,,,,FALSE,,email,https://badges.parchment.au/public/assertions/iCk2L6g3TPuWj0Qu4JK5UA/image
2026-01-04T13:00:00Z,"Stolen Generations, Truth-Telling and Treaty",,,,,FALSE,,email,https://badges.parchment.au/public/assertions/47SrPFlpQhOMBi9WfJJ8Qw/image
2026-01-04T13:00:00Z,"Stolen Generations, Truth-Telling and Treaty",,,,,FALSE,,email,https://badges.parchment.au/public/assertions/jkn2D_7OQwG6TqlSPZzKBw/image
2025-12-23T01:05:20Z,Authorised Program Officer (APO) Professional Development,,,,,FALSE,,email,https://badges.parchment.au/public/assertions/xZQzl7xFSNOv-ncf_yxzNg/image
2025-12-23T01:05:20Z,Authorised Program Officer (APO) Professional Development,,,,,FALSE,,email,https://badges.parchment.au/public/assertions/N9Ts5IFFRNucatocbWV1hg/image
2025-12-23T01:05:20Z,Authorised Program Officer (APO) Professional Development,,,,,FALSE,,email,https://badges.parchment.au/public/assertions/mHnkH6RrT5OEiX7PTFM8Uw/image
2025-12-23T01:05:20Z,Authorised Program Officer (APO) Professional Development,,,,,FALSE,,email,https://badges.parchment.au/public/assertions/Sc0iT5IgQJeCYfgngdaO_Q/image
2025-12-23T01:05:20Z,Authorised Program Officer (APO) Professional Development,,,,,FALSE,,email,https://badges.parchment.au/public/assertions/2yUGUhzvTNSUmDRajaEvfQ/image
2025-12-23T01:05:20Z,Authorised Program Officer (APO) Professional Development,,,,,FALSE,,email,https://badges.parchment.au/public/assertions/OJ3vTrMLTD28fy8DLE2adg/image
2025-12-23T01:05:20Z,Authorised Program Officer (APO) Professional Development,,,,,FALSE,,email,https://badges.parchment.au/public/assertions/SerdvjL9RcGMhLmKtqVsaQ/image
2025-12-23T01:05:20Z,Authorised Program Officer (APO) Professional Development,,,,,FALSE,,email,https://badges.parchment.au/public/assertions/e-6poT-CTROWQ5rLExbOfg/image
2025-12-23T01:05:20Z,Authorised Program Officer (APO) Professional Development,,,,,FALSE,,email,https://badges.parchment.au/public/assertions/kEKEiYtaRkmSDk4r_oZWhg/image
2025-12-23T01:05:20Z,Authorised Program Officer (APO) Professional Development,,,,,FALSE,,email,https://badges.parchment.au/public/assertions/zFXN3e7gTPC05ovE6A6aSg/image
2025-12-23T01:05:20Z,Authorised Program Officer (APO) Professional Development,,,,,FALSE,,email,https://badges.parchment.au/public/assertions/Lj-55-QFQG2WU8GZ2aqR7Q/image
2025-12-23T01:05:20Z,Authorised Program Officer (APO) Professional Development,,,,,FALSE,,email,https://badges.parchment.au/public/assertions/mleD4NmkRcKWok0Oo-dE4Q/image
2025-12-23T01:05:20Z,Authorised Program Officer (APO) Professional Development,,,,,FALSE,,email,https://badges.parchment.au/public/assertions/CBawPWNPQt-oAQhLnuKdgw/image
2025-12-23T01:05:20Z,Authorised Program Officer (APO) Professional Development,,,,,FALSE,,email,https://badges.parchment.au/public/assertions/6KqbB1TuScet8gU3aplpqg/image
2025-12-23T01:05:20Z,Authorised Program Officer (APO) Professional Development,,,,,FALSE,,email,https://badges.parchment.au/public/assertions/VDjvy_djS9uKFXJNV1hGAw/image
2025-12-23T01:05:20Z,Authorised Program Officer (APO) Professional Development,,,,,FALSE,,email,https://badges.parchment.au/public/assertions/SNA2lrYfTAaKc35WOUQ-2Q/image
2025-12-23T01:05:20Z,Authorised Program Officer (APO) Professional Development,,,,,FALSE,,email,https://badges.parchment.au/public/assertions/2X0bLhJgSiu-nZjDkUAO6g/image
2025-12-16T23:36:25Z,Authorised Program Officer (APO) Professional Development,,,,,FALSE,,email,https://badges.parchment.au/public/assertions/LdrXtJKgSYa-RJ8XP4ouJQ/image
2025-12-16T23:36:25Z,Authorised Program Officer (APO) Professional Development,,,,,FALSE,,email,https://badges.parchment.au/public/assertions/3iQFgEkkTTOeAVNZYU_Uiw/image
2025-12-16T23:36:25Z,Authorised Program Officer (APO) Professional Development,,,,,FALSE,,email,https://badges.parchment.au/public/assertions/H_nTfcDGSxSX-FbNX0APTA/image
2025-12-15T13:00:00Z,"Stolen Generations, Truth-Telling and Treaty",,,,,FALSE,,email,https://badges.parchment.au/public/assertions/1bNDcwahQxitibNwX0SyvA/image
2025-12-15T13:00:00Z,"Stolen Generations, Truth-Telling and Treaty",STUD_277,,,,FALSE,,email,https://badges.parchment.au/public/assertions/WkYM0blkSfG0zn8w9PVZ5A/image
2025-12-15T13:00:00Z,"Stolen Generations, Truth-Telling and Treaty",,,,,FALSE,,email,https://badges.parchment.au/public/assertions/lGdDXk7JTyqTr6EzpLWLRg/image
2025-12-15T13:00:00Z,"Stolen Generations, Truth-Telling and Treaty",,,,,FALSE,,email,https://badges.parchment.au/public/assertions/XHAUevCuTtCOSAUuZ0BXJw/image
2025-12-15T13:00:00Z,"Stolen Generations, Truth-Telling and Treaty",,,,,FALSE,,email,https://badges.parchment.au/public/assertions/AWL086ZIQK-Hmf8JNobioA/image
2025-12-15T13:00:00Z,"Stolen Generations, Truth-Telling and Treaty",STUD_204,,,,FALSE,,email,https://badges.parchment.au/public/assertions/eWL-EFP0SAOzRoB8NttrTw/image
2025-12-15T13:00:00Z,"Stolen Generations, Truth-Telling and Treaty",,,,,FALSE,,email,https://badges.parchment.au/public/assertions/W_Djn90YQT-Y6CXLmfsAGA/image
2025-12-15T13:00:00Z,"Stolen Generations, Truth-Telling and Treaty",,,,,FALSE,,email,https://badges.parchment.au/public/assertions/PsmSE6X3R6qJXk5Il4_ppA/image
2025-12-15T13:00:00Z,"Stolen Generations, Truth-Telling and Treaty",STUD_368,,,,FALSE,,email,https://badges.parchment.au/public/assertions/4nyeeDyST1uhA0h-wINLaA/image
2025-12-15T13:00:00Z,"Stolen Generations, Truth-Telling and Treaty",,,,,TRUE,Manually revoked by Issuer,email,https://badges.parchment.au/public/assertions/Hmxx4SObRuWz6eGzHYZAkA/image
2025-12-15T13:00:00Z,"Stolen Generations, Truth-Telling and Treaty",STUD_201,,,,FALSE,,email,https://badges.parchment.au/public/assertions/lMUNf3S8S9qPsnW7s-6ORQ/image
2025-12-15T13:00:00Z,"Stolen Generations, Truth-Telling and Treaty",,,,,FALSE,,email,https://badges.parchment.au/public/assertions/fbUA_wv0SQu8Wce7QdoGNw/image
2025-12-15T13:00:00Z,"Stolen Generations, Truth-Telling and Treaty",,,,,FALSE,,email,https://badges.parchment.au/public/assertions/gczZSPlKRi6_sU8X61cIhw/image
2025-12-15T13:00:00Z,"Stolen Generations, Truth-Telling and Treaty",,,,,FALSE,,email,https://badges.parchment.au/public/assertions/qo4MMKRvQFCbLDkWBE0jUQ/image
2025-12-15T13:00:00Z,"Stolen Generations, Truth-Telling and Treaty",STUD_142,,,,FALSE,,email,https://badges.parchment.au/public/assertions/JPUreIZBRra9sGtPk8Wehw/image
2025-12-15T13:00:00Z,"Stolen Generations, Truth-Telling and Treaty",,,,,FALSE,,email,https://badges.parchment.au/public/assertions/Kua0Uf68Re-2rSZWOVeWDA/image
2025-12-15T13:00:00Z,"Stolen Generations, Truth-Telling and Treaty",,,,,FALSE,,email,https://badges.parchment.au/public/assertions/oaS5d7kcQ1a0qYL1UisdOA/image
2025-12-15T13:00:00Z,"Stolen Generations, Truth-Telling and Treaty",,,,,FALSE,,email,https://badges.parchment.au/public/assertions/mcDXviR9Q3aw0RVkzMac9Q/image
2025-12-15T13:00:00Z,"Stolen Generations, Truth-Telling and Treaty",STUD_105,,,,FALSE,,email,https://badges.parchment.au/public/assertions/5feE0q-9RFShyvnRmPO4JA/image
2025-12-15T13:00:00Z,"Stolen Generations, Truth-Telling and Treaty",STUD_212,,,,FALSE,,email,https://badges.parchment.au/public/assertions/2AxfY9KbSH-5bp2pTMbYjg/image
2025-12-15T13:00:00Z,"Stolen Generations, Truth-Telling and Treaty",STUD_154,,,,FALSE,,email,https://badges.parchment.au/public/assertions/dsx-xMTdSXqSBYdlmAgKRA/image
2025-12-08T21:00:00Z,Diagnosing and Managing Youth Mental Illness in Primary Care,,,,,FALSE,,email,https://badges.parchment.au/public/assertions/wKrFJwHbRUatIoFar1gz5w/image
2025-12-08T21:00:00Z,Diagnosing and Managing Youth Mental Illness in Primary Care,,,,,FALSE,,email,https://badges.parchment.au/public/assertions/BIT-uhWJSrSUsGtUzOu7ZQ/image
2025-12-08T21:00:00Z,Diagnosing and Managing Youth Mental Illness in Primary Care,,,,,FALSE,,email,https://badges.parchment.au/public/assertions/MQDtMOlGQsugNVXwP0Wqug/image
2025-12-08T21:00:00Z,Diagnosing and Managing Youth Mental Illness in Primary Care,,,,,TRUE,Manually revoked by Issuer,email,https://badges.parchment.au/public/assertions/G1dMi9KTTseLXVVtfDIoKg/image
2025-12-08T21:00:00Z,Build Custom AI Tools for Healthcare,,,,,FALSE,,email,https://badges.parchment.au/public/assertions/B9sGnYY9Rhu-Q9N5i4mfvA/image
2025-12-08T21:00:00Z,Build Custom AI Tools for Healthcare,,,,,FALSE,,email,https://badges.parchment.au/public/assertions/3ClpkKDcSE2SINTuiHSyyA/image
2025-12-08T21:00:00Z,Build Custom AI Tools for Healthcare,,,,,FALSE,,email,https://badges.parchment.au/public/assertions/camY31DtQJKEAGmfT7Qukw/image
2025-12-08T21:00:00Z,Build Custom AI Tools for Healthcare,,,,,FALSE,,email,https://badges.parchment.au/public/assertions/egGzaWpPSRm3UZKJ3v6TQQ/image
2025-12-08T21:00:00Z,Build Custom AI Tools for Healthcare,,,,,FALSE,,email,https://badges.parchment.au/public/assertions/PeGEts6VT22UFmVlwoavQg/image
2025-12-07T21:00:00Z,Understanding Treaty,STUD_320,,,,FALSE,,email,https://badges.parchment.au/public/assertions/ZHDNGOW3TtixfLzQeD9YZg/image
2025-12-04T21:00:00Z,Diagnosing and Managing Youth Mental Illness in Primary Care,,,,,FALSE,,email,https://badges.parchment.au/public/assertions/XzQyCYRqS7Ck_6Xr8V8BSQ/image
2025-12-01T13:00:00Z,Create Healthcare Solutions from Existing AI Tools,,,,,FALSE,,email,https://badges.parchment.au/public/assertions/voRF8eU3TK6RCeayMdXE5A/image
2025-12-01T13:00:00Z,Create Healthcare Solutions from Existing AI Tools,,,,,FALSE,,email,https://badges.parchment.au/public/assertions/jO_ymY22SV2R-GI20otvvw/image
2025-12-01T13:00:00Z,Create Healthcare Solutions from Existing AI Tools,,,,,FALSE,,email,https://badges.parchment.au/public/assertions/8gNLSdjXRvSqDm7vA7N8nA/image
2025-12-01T13:00:00Z,Create Healthcare Solutions from Existing AI Tools,,,,,FALSE,,email,https://badges.parchment.au/public/assertions/kD-jeSvJQM-q0iX7uyokTQ/image
2025-11-24T21:00:00Z,Nationhood and Self-Determination,,,,,FALSE,,email,https://badges.parchment.au/public/assertions/xphCZ9sqSAKgBnhHRZpsCw/image
2025-11-17T13:00:00Z,Nationhood and Self-Determination,,,,,FALSE,,email,https://badges.parchment.au/public/assertions/LvyOIgGOSdyI4y9MOPUfNA/image
2025-11-17T13:00:00Z,Nationhood and Self-Determination,STUD_407,,,,FALSE,,email,https://badges.parchment.au/public/assertions/YosGPa1kSGuyVWKvNaqu0w/image
2025-11-17T13:00:00Z,Nationhood and Self-Determination,,,,,FALSE,,email,https://badges.parchment.au/public/assertions/_my4rwtkRQWt8GxwpTlaRQ/image
2025-11-11T03:04:33Z,Authorised Program Officer (APO) Professional Development,,,,,FALSE,,email,https://badges.parchment.au/public/assertions/BXggkuqARKqXw_3zJSNGPg/image
2025-11-11T03:04:33Z,Authorised Program Officer (APO) Professional Development,,,,,FALSE,,email,https://badges.parchment.au/public/assertions/jGpGrX0pQcWev2g48MN-Pg/image
2025-11-11T03:04:33Z,Authorised Program Officer (APO) Professional Development,,,,,FALSE,,email,https://badges.parchment.au/public/assertions/n2q7rfAMSFyz2RKJ1pSUEg/image
2025-11-11T03:04:33Z,Authorised Program Officer (APO) Professional Development,,,,,FALSE,,email,https://badges.parchment.au/public/assertions/6PEobzQmSoSk1E0sjGskRA/image
2025-11-11T03:04:33Z,Authorised Program Officer (APO) Professional Development,,,,,FALSE,,email,https://badges.parchment.au/public/assertions/1xMKHXMiSjqP9htfXu1ubw/image
2025-11-11T03:04:33Z,Authorised Program Officer (APO) Professional Development,,,,,FALSE,,email,https://badges.parchment.au/public/assertions/tXlnheM9Qq-A1zmH91cx4A/image
2025-11-11T03:04:33Z,Authorised Program Officer (APO) Professional Development,,,,,FALSE,,email,https://badges.parchment.au/public/assertions/z4D1ge9ARV2RVtaY_e_hyw/image
2025-11-11T03:04:33Z,Authorised Program Officer (APO) Professional Development,,,,,FALSE,,email,https://badges.parchment.au/public/assertions/D0jhlZJPTq64Xjy1yuIJlw/image
2025-11-11T03:04:33Z,Authorised Program Officer (APO) Professional Development,,,,,FALSE,,email,https://badges.parchment.au/public/assertions/DNGLs2U4R3-1o1GDF9amwQ/image
2025-11-11T03:04:33Z,Authorised Program Officer (APO) Professional Development,,,,,FALSE,,email,https://badges.parchment.au/public/assertions/GFw2AKYXT2-LSuQ92EKA3g/image
2025-11-11T03:04:33Z,Authorised Program Officer (APO) Professional Development,,,,,FALSE,,email,https://badges.parchment.au/public/assertions/Z5IiiGwsSBGh6xwaKYOCkA/image
2025-11-11T03:04:33Z,Authorised Program Officer (APO) Professional Development,,,,,FALSE,,email,https://badges.parchment.au/public/assertions/FydP2rFRTLO_2xk8X7qP8w/image
2025-11-11T03:04:33Z,Authorised Program Officer (APO) Professional Development,,,,,FALSE,,email,https://badges.parchment.au/public/assertions/V4zChnKaQO-lU7wurZQJkA/image
2025-11-11T03:04:33Z,Authorised Program Officer (APO) Professional Development,,,,,FALSE,,email,https://badges.parchment.au/public/assertions/AvorXdqPTaOgniWh5DkgEA/image
2025-11-11T03:04:33Z,Authorised Program Officer (APO) Professional Development,,,,,FALSE,,email,https://badges.parchment.au/public/assertions/saPaR8NxSNeJ5CtPRNZTMA/image
2025-11-11T03:04:33Z,Authorised Program Officer (APO) Professional Development,,,,,FALSE,,email,https://badges.parchment.au/public/assertions/vmTDMpwhSxOimYjBhxBA9g/image
2025-11-11T03:04:33Z,Authorised Program Officer (APO) Professional Development,,,,,FALSE,,email,https://badges.parchment.au/public/assertions/i14X0AMfSTqsu5JDfrtyeA/image
2025-11-11T03:04:33Z,Authorised Program Officer (APO) Professional Development,,,,,FALSE,,email,https://badges.parchment.au/public/assertions/cSF41RA2ROa1ZEVXpO7Lyw/image
2025-11-11T03:04:33Z,Authorised Program Officer (APO) Professional Development,,,,,FALSE,,email,https://badges.parchment.au/public/assertions/OOPEjuU_Rny3sfB_XWVeOA/image
2025-11-11T03:04:33Z,Authorised Program Officer (APO) Professional Development,,,,,FALSE,,email,https://badges.parchment.au/public/assertions/DztBbutUQMu7_l5jEMbUxA/image
2025-11-11T03:04:33Z,Authorised Program Officer (APO) Professional Development,,,,,FALSE,,email,https://badges.parchment.au/public/assertions/jkVBZK7NSaWYVYDncwEphQ/image
2025-11-11T03:04:33Z,Authorised Program Officer (APO) Professional Development,,,,,FALSE,,email,https://badges.parchment.au/public/assertions/2-Vz6SJUQVq2dpKWdT8IYQ/image
2025-11-11T03:04:33Z,Authorised Program Officer (APO) Professional Development,,,,,FALSE,,email,https://badges.parchment.au/public/assertions/-gFZoWnbRjC7opXqERyPAw/image
2025-11-11T03:04:33Z,Authorised Program Officer (APO) Professional Development,,,,,FALSE,,email,https://badges.parchment.au/public/assertions/5AP6sPxQR5egm-uo9F-GZg/image
2025-11-11T03:04:33Z,Authorised Program Officer (APO) Professional Development,,,,,FALSE,,email,https://badges.parchment.au/public/assertions/C8L8pLhnRJaPuStoMccjPQ/image
2025-11-11T03:04:33Z,Authorised Program Officer (APO) Professional Development,,,,,FALSE,,email,https://badges.parchment.au/public/assertions/s4k8tHwdTQawIEx4Rce8gA/image
2025-11-06T03:01:53Z,Host Countermeasures,,,,,FALSE,,email,https://badges.parchment.au/public/assertions/_jv1yNzzRLCjOEoiuyzZxQ/image
2025-11-06T03:01:53Z,Host Countermeasures,,,,,FALSE,,email,https://badges.parchment.au/public/assertions/A-MajQyqSsyO5MOdVGmcSQ/image
2025-11-06T03:01:53Z,Host Countermeasures,,,,,FALSE,,email,https://badges.parchment.au/public/assertions/tkAFEoqKS7CHnb-t4mj_8A/image
2025-11-06T03:01:53Z,Host Countermeasures,,,,,FALSE,,email,https://badges.parchment.au/public/assertions/ZLwZACmVQcebnhBwgahUOw/image
2025-11-06T03:01:53Z,Host Countermeasures,,,,,FALSE,,email,https://badges.parchment.au/public/assertions/CruEkLF3QRGE6X5M01Haww/image
2025-11-06T03:01:53Z,Host Countermeasures,,,,,FALSE,,email,https://badges.parchment.au/public/assertions/7PExaU96QvipUjvzH8TxEQ/image
2025-11-06T03:01:53Z,Host Countermeasures,,,,,FALSE,,email,https://badges.parchment.au/public/assertions/-9QflCgdRUKVyFQ2yLhIFw/image
2025-11-06T03:01:53Z,Host Countermeasures,,,,,FALSE,,email,https://badges.parchment.au/public/assertions/liY6f7JLTo6rYNZvm0bvEA/image
2025-11-06T03:01:53Z,Host Countermeasures,,,,,FALSE,,email,https://badges.parchment.au/public/assertions/pGqi-rqlTy-20NFmVVFAAw/image
2025-11-06T03:01:53Z,Host Countermeasures,,,,,FALSE,,email,https://badges.parchment.au/public/assertions/MNOB5xekSDCLn0swfmiqZA/image
2025-11-06T03:01:53Z,Host Countermeasures,,,,,FALSE,,email,https://badges.parchment.au/public/assertions/eMZN9LiKRnuy4QbA6Mka8A/image
2025-11-06T03:01:53Z,Host Countermeasures,,,,,FALSE,,email,https://badges.parchment.au/public/assertions/XArpLwRlQEGSLbnFf_u6uQ/image
2025-11-06T03:01:53Z,Host Countermeasures,,,,,FALSE,,email,https://badges.parchment.au/public/assertions/p95SpGqRS1GjnNSqXo0pgA/image
2025-11-06T03:01:53Z,Host Countermeasures,,,,,FALSE,,email,https://badges.parchment.au/public/assertions/eekx11usTqmVkiHgJmwO_Q/image
2025-10-27T05:04:06.812Z,Nationhood and Self-Determination,,,,,FALSE,,email,https://api.au.badgr.io/public/assertions/t69wzF_pRhSIBHOn-fHlZw/image
2025-10-27T05:04:06.742Z,Nationhood and Self-Determination,,,,,FALSE,,email,https://api.au.badgr.io/public/assertions/Zxt5X1J-ThKajR31DQDFCw/image
2025-10-27T05:04:06.728Z,Nationhood and Self-Determination,STUD_176,,,,FALSE,,email,https://api.au.badgr.io/public/assertions/BfgxjRvCQNioE-6U5a8Mhg/image
2025-10-27T05:04:06.722Z,Nationhood and Self-Determination,,,,,FALSE,,email,https://api.au.badgr.io/public/assertions/7f8RJIgGQuG9Fd2R3lW4-A/image
2025-10-27T05:04:06.708Z,Nationhood and Self-Determination,STUD_212,,,,FALSE,,email,https://api.au.badgr.io/public/assertions/ggI8UJFtQiWwjiyuRM7m6Q/image
2025-10-27T05:04:06.699Z,Nationhood and Self-Determination,STUD_226,,,,FALSE,,email,https://api.au.badgr.io/public/assertions/-3AXVZ06TVykeK0rMH1F9A/image
2025-10-27T05:04:06.569Z,Nationhood and Self-Determination,STUD_143,,,,FALSE,,email,https://api.au.badgr.io/public/assertions/3PDH1HWhRbO184D68rryGw/image
2025-10-27T05:04:06.558Z,Nationhood and Self-Determination,,,,,FALSE,,email,https://api.au.badgr.io/public/assertions/wDotl2JnRaSRGtFSKFNFyA/image
2025-10-27T05:04:06.558Z,Nationhood and Self-Determination,STUD_157,,,,FALSE,,email,https://api.au.badgr.io/public/assertions/97NXVebKTMyQfqDdrLCn2A/image
2025-10-27T05:04:06.552Z,Nationhood and Self-Determination,,,,,FALSE,,email,https://api.au.badgr.io/public/assertions/N_LyxpgURTGARSm1fYJrNg/image
2025-10-27T05:04:06.549Z,Nationhood and Self-Determination,STUD_018,,,,FALSE,,email,https://api.au.badgr.io/public/assertions/n4VrQiplTWWCheanVHyWfQ/image
2025-10-27T05:04:06.542Z,Nationhood and Self-Determination,,,,,FALSE,,email,https://api.au.badgr.io/public/assertions/hP06fYpjQe-Z2GLsH0tpEA/image
2025-10-27T05:04:06.526Z,Nationhood and Self-Determination,STUD_017,,,,FALSE,,email,https://api.au.badgr.io/public/assertions/LkoeWWpJQbya8Xi0LANcPw/image
2025-10-27T05:04:06.518Z,Nationhood and Self-Determination,,,,,FALSE,,email,https://api.au.badgr.io/public/assertions/fZgeinbKRT2RR_vDIXDrlw/image
2025-10-27T04:43:37.895Z,Nationhood and Self-Determination,STUD_057,,,,FALSE,,email,https://api.au.badgr.io/public/assertions/x2600Q2LRhyl8alxTS8gNA/image
2025-10-27T04:43:37.891Z,Nationhood and Self-Determination,STUD_028,,,,FALSE,,email,https://api.au.badgr.io/public/assertions/54xijRSlS-aghg-Qiq1WLw/image
2025-10-27T04:43:37.880Z,Nationhood and Self-Determination,STUD_377,,,,FALSE,,email,https://api.au.badgr.io/public/assertions/rl7JCJEdTT2t6hHPDA2wZw/image
2025-10-27T04:43:37.862Z,Nationhood and Self-Determination,STUD_042,,,,FALSE,,email,https://api.au.badgr.io/public/assertions/ZgmR_KRLQZWQs5oC4ZeIPg/image
2025-10-27T04:43:37.844Z,Nationhood and Self-Determination,STUD_210,,,,FALSE,,email,https://api.au.badgr.io/public/assertions/44Fx-yONQFKL4Yz7TsOoEQ/image
2025-10-27T04:43:37.840Z,Nationhood and Self-Determination,STUD_336,,,,FALSE,,email,https://api.au.badgr.io/public/assertions/mm6ttL8qTx-HzrtGseCrhA/image
2025-10-27T04:43:37.825Z,Nationhood and Self-Determination,STUD_074,,,,FALSE,,email,https://api.au.badgr.io/public/assertions/rNSP2NFOQIS_vkns7Fxuew/image
2025-10-27T04:43:37.682Z,Nationhood and Self-Determination,STUD_385,,,,FALSE,,email,https://api.au.badgr.io/public/assertions/ZPfGoPY1Qm-QMEjlD9l3Lw/image
2025-10-27T04:43:37.671Z,Nationhood and Self-Determination,,,,,FALSE,,email,https://api.au.badgr.io/public/assertions/yCW2a_SgQay3_68bRmH9vw/image
2025-10-27T04:43:37.638Z,Nationhood and Self-Determination,STUD_039,,,,FALSE,,email,https://api.au.badgr.io/public/assertions/bknAHzSkT-mZCyF3B2eRGw/image
2025-10-27T04:43:37.630Z,Nationhood and Self-Determination,STUD_229,,,,FALSE,,email,https://api.au.badgr.io/public/assertions/iK3OcpWJRw-1lDQu5KswTg/image
2025-10-13T13:00:00Z,Focused Psychological Strategies Essentials,,,,,FALSE,,email,https://api.au.badgr.io/public/assertions/eoDOgT-EQcqMCxgd_Nz6pg/image
2025-10-13T13:00:00Z,Focused Psychological Strategies Essentials,,,,,FALSE,,email,https://api.au.badgr.io/public/assertions/BPbSYZcMQNSWBstGE_kVWQ/image
2025-10-13T13:00:00Z,Focused Psychological Strategies Essentials,,,,,FALSE,,email,https://api.au.badgr.io/public/assertions/xYmn9RcFRFCxCeaOUcb00w/image
2025-10-13T13:00:00Z,Focused Psychological Strategies Essentials,,,,,FALSE,,email,https://api.au.badgr.io/public/assertions/HYDSUIaLRJms_0EBPEDzFw/image
2025-10-13T13:00:00Z,Focused Psychological Strategies Essentials,,,,,FALSE,,email,https://api.au.badgr.io/public/assertions/K9QYNyEaTV-q4LbogmKoaw/image
2025-10-13T13:00:00Z,Focused Psychological Strategies Essentials,,,,,FALSE,,email,https://api.au.badgr.io/public/assertions/EhEYOy0DRIiqDmLfGbsExg/image
2025-10-13T13:00:00Z,Focused Psychological Strategies Essentials,,,,,FALSE,,email,https://api.au.badgr.io/public/assertions/AWqD_e5iTbyQyj7oaPNNLQ/image
2025-10-13T13:00:00Z,Focused Psychological Strategies Essentials,,,,,FALSE,,email,https://api.au.badgr.io/public/assertions/enmYvUtBT_mBTZvYvMJeig/image
2025-10-13T13:00:00Z,Focused Psychological Strategies Essentials,,,,,FALSE,,email,https://api.au.badgr.io/public/assertions/8cp3PP_pQBKKODxK_oU9_w/image
2025-10-06T05:03:02.273Z,Nationhood and Self-Determination,,,,,FALSE,,email,https://api.au.badgr.io/public/assertions/palaegrJThOox16GADpJ9g/image
2025-10-06T05:03:02.272Z,Nationhood and Self-Determination,,,,,FALSE,,email,https://api.au.badgr.io/public/assertions/cMcbx-h4QW2fcfZ4wXJBmQ/image
2025-10-06T05:03:02.265Z,Nationhood and Self-Determination,,,,,FALSE,,email,https://api.au.badgr.io/public/assertions/QaoAE2BQSF-DsSRxOcHRGA/image
2025-10-06T05:03:02.209Z,Nationhood and Self-Determination,,,,,FALSE,,email,https://api.au.badgr.io/public/assertions/NJ_Z2O6TSyqTETvlILUmJA/image
2025-10-06T05:03:02.187Z,Nationhood and Self-Determination,STUD_216,,,,FALSE,,email,https://api.au.badgr.io/public/assertions/wf-Tip1lRZuVT3WgMvAoEA/image
2025-10-06T05:03:02.177Z,Nationhood and Self-Determination,STUD_012,,,,FALSE,,email,https://api.au.badgr.io/public/assertions/EyuhfO0JTfSzA7Zx1RFDHA/image
2025-10-06T05:03:02.140Z,Nationhood and Self-Determination,STUD_277,,,,FALSE,,email,https://api.au.badgr.io/public/assertions/t61Tp0QPTA6yGybqHiM96Q/image
2025-10-06T05:03:02.112Z,Nationhood and Self-Determination,,,,,FALSE,,email,https://api.au.badgr.io/public/assertions/3oKQJ785TNehgNxYws1-fA/image
2025-10-06T05:03:01.996Z,Nationhood and Self-Determination,,,,,FALSE,,email,https://api.au.badgr.io/public/assertions/QFb0pMipSXu6-NOhSoIiTA/image
2025-10-06T05:03:01.993Z,Nationhood and Self-Determination,STUD_368,,,,FALSE,,email,https://api.au.badgr.io/public/assertions/dsMpfd5gTuyvZ5M-KN7DpQ/image
2025-10-06T05:03:01.919Z,Nationhood and Self-Determination,,,,,TRUE,Manually revoked by Issuer,email,https://badges.parchment.au/public/assertions/lTyQF1JlQhm95KSKJygSqQ/image
2025-10-06T05:03:01.883Z,Nationhood and Self-Determination,,,,,FALSE,,email,https://api.au.badgr.io/public/assertions/SH-_4XmeRwWYp85ZFJIWLA/image
2025-10-06T05:03:01.853Z,Nationhood and Self-Determination,,,,,FALSE,,email,https://api.au.badgr.io/public/assertions/vrwK3DgWTJyECVp4dLV7fQ/image
2025-10-06T05:03:01.852Z,Nationhood and Self-Determination,STUD_302,,,,FALSE,,email,https://api.au.badgr.io/public/assertions/e45Bml8uSB2d2NIPYglicg/image
2025-10-06T05:03:01.845Z,Nationhood and Self-Determination,,,,,FALSE,,email,https://api.au.badgr.io/public/assertions/Gcdk1sQORGq8QdQ75FBZew/image
2025-10-06T05:03:01.844Z,Nationhood and Self-Determination,STUD_186,,,,FALSE,,email,https://api.au.badgr.io/public/assertions/QcDMAIZoTTiCCqbHt4x8YA/image
2025-10-06T05:03:01.843Z,Nationhood and Self-Determination,,,,,FALSE,,email,https://api.au.badgr.io/public/assertions/JssvFtwNTdSaPAg0PUQY3w/image
2025-10-06T05:03:01.843Z,Nationhood and Self-Determination,STUD_220,,,,FALSE,,email,https://api.au.badgr.io/public/assertions/WSCCiKnsSQKa4XKwFkyvGA/image
2025-10-06T05:03:01.817Z,Nationhood and Self-Determination,,,,,FALSE,,email,https://api.au.badgr.io/public/assertions/m3lmqKt3RzqxhTnJiEL1fQ/image
2025-10-06T05:03:01.804Z,Nationhood and Self-Determination,,,,,FALSE,,email,https://api.au.badgr.io/public/assertions/0yJVFKWGRiO1DEx-hdHouA/image
2025-10-06T05:03:01.783Z,Nationhood and Self-Determination,,,,,FALSE,,email,https://api.au.badgr.io/public/assertions/q_8kJY9RT0Oq1ALFlTAuFg/image
2025-10-06T05:03:01.699Z,Nationhood and Self-Determination,,,,,FALSE,,email,https://api.au.badgr.io/public/assertions/HgSXNyQtS-ubc_5MWYs-Cw/image
2025-10-06T05:03:01.677Z,Nationhood and Self-Determination,STUD_438,,,,FALSE,,email,https://api.au.badgr.io/public/assertions/JNPbtC-RQe2lMQN8JRUSyA/image
2025-10-06T05:03:01.666Z,Nationhood and Self-Determination,,,,,FALSE,,email,https://api.au.badgr.io/public/assertions/wYh80raFRsOaFhUksc-RNA/image
2025-10-06T05:03:01.657Z,Nationhood and Self-Determination,,,,,FALSE,,email,https://api.au.badgr.io/public/assertions/rOOv8-OnQxOffenfhNXGzQ/image
2025-10-06T05:03:01.641Z,Nationhood and Self-Determination,STUD_361,,,,FALSE,,email,https://api.au.badgr.io/public/assertions/3g53MxrITB-aCmTgCq2uVA/image
2025-10-06T05:03:01.627Z,Nationhood and Self-Determination,,,,,FALSE,,email,https://api.au.badgr.io/public/assertions/JOPrOxvRR_2JqlnEFF9qpA/image
2025-10-06T05:03:01.616Z,Nationhood and Self-Determination,,,,,FALSE,,email,https://api.au.badgr.io/public/assertions/HGgiX9sPRJWqRQb4hObEiw/image
2025-10-06T05:03:01.614Z,Nationhood and Self-Determination,STUD_051,,,,FALSE,,email,https://api.au.badgr.io/public/assertions/H3h44MrjTc-a9lFoLO5JcA/image
2025-10-06T05:03:01.604Z,Nationhood and Self-Determination,STUD_201,,,,FALSE,,email,https://api.au.badgr.io/public/assertions/CfH_VAJHR5axo0Baf3e5xw/image
2025-10-06T05:03:01.597Z,Nationhood and Self-Determination,,,,,FALSE,,email,https://api.au.badgr.io/public/assertions/v9UfjpieR4CPsk2Id4LZsQ/image
2025-10-06T05:03:01.593Z,Nationhood and Self-Determination,STUD_360,,,,FALSE,,email,https://api.au.badgr.io/public/assertions/HH2EeXvURHamc1Irai7RIQ/image
2025-10-06T05:03:01.582Z,Nationhood and Self-Determination,,,,,FALSE,,email,https://api.au.badgr.io/public/assertions/QMOBgb2bScmsJXROR-yBQg/image
2025-10-06T05:03:01.572Z,Nationhood and Self-Determination,,,,,FALSE,,email,https://api.au.badgr.io/public/assertions/o5ayv39SQpGPDdm8N1C_YQ/image
2025-10-06T05:03:01.559Z,Nationhood and Self-Determination,STUD_146,,,,FALSE,,email,https://api.au.badgr.io/public/assertions/dhTlZPfcQ0qn8BhNk1Md_A/image
2025-10-06T05:03:01.556Z,Nationhood and Self-Determination,,,,,FALSE,,email,https://api.au.badgr.io/public/assertions/sHVXUjlXRv-TUz2HItR1Ew/image
2025-10-06T04:53:02.071Z,Nationhood and Self-Determination,STUD_277,,,,TRUE,Manually revoked by Issuer,email,https://api.au.badgr.io/public/assertions/PzJbKHJTSfSCShsH5Fsy0w/image
2025-10-06T04:14:17.063Z,Nationhood and Self-Determination,,,,,FALSE,,email,https://api.au.badgr.io/public/assertions/DbCpVp4CQ6qlRo18TbpfOQ/image
2025-10-06T04:14:17.059Z,Nationhood and Self-Determination,,,,,FALSE,,email,https://api.au.badgr.io/public/assertions/luVTU46MRYi9TVnVcUzeFQ/image
2025-10-06T04:14:17.046Z,Nationhood and Self-Determination,STUD_167,,,,FALSE,,email,https://api.au.badgr.io/public/assertions/IOGvHzkvSl-jPBxM2y2p3A/image
2025-10-06T04:14:17.045Z,Nationhood and Self-Determination,,,,,FALSE,,email,https://api.au.badgr.io/public/assertions/fep95X9kSiu8Vskv0mwjWg/image
2025-10-06T04:14:17.043Z,Nationhood and Self-Determination,,,,,FALSE,,email,https://api.au.badgr.io/public/assertions/mQTcEvyTRTGv1dIB5gSC7g/image
2025-10-06T04:14:17.033Z,Nationhood and Self-Determination,STUD_100,,,,FALSE,,email,https://api.au.badgr.io/public/assertions/RVr681W8SbuWHPovnj_ICA/image
2025-10-06T04:14:17.022Z,Nationhood and Self-Determination,STUD_237,,,,FALSE,,email,https://api.au.badgr.io/public/assertions/crI_nMVRRlCTcnDHMFLJvQ/image
2025-10-06T04:14:17.019Z,Nationhood and Self-Determination,STUD_286,,,,FALSE,,email,https://api.au.badgr.io/public/assertions/UrEFZGxEQAWb5fhej9pIyw/image
2025-10-06T04:14:17.007Z,Nationhood and Self-Determination,STUD_305,,,,FALSE,,email,https://api.au.badgr.io/public/assertions/zqQ1pbFuTwWxBrJry6ashg/image
2025-10-06T04:14:16.998Z,Nationhood and Self-Determination,,,,,FALSE,,email,https://api.au.badgr.io/public/assertions/Fo_mdOsQRseZ78QBOtbw5A/image
2025-10-06T04:14:16.986Z,Nationhood and Self-Determination,,,,,FALSE,,email,https://api.au.badgr.io/public/assertions/-qCLK1lpR8mFCM_BKu5p5g/image
2025-10-06T04:14:16.974Z,Nationhood and Self-Determination,,,,,FALSE,,email,https://api.au.badgr.io/public/assertions/m5QxemV6QdSakj2VwvbBbA/image
2025-10-06T04:14:16.973Z,Nationhood and Self-Determination,STUD_135,,,,FALSE,,email,https://api.au.badgr.io/public/assertions/OZ19eysMS4y0leiubDDFOA/image
2025-10-06T04:14:16.916Z,Nationhood and Self-Determination,,,,,FALSE,,email,https://api.au.badgr.io/public/assertions/yKCBcb5XR2Oayl4vTT8sPw/image
2025-10-06T04:14:16.904Z,Nationhood and Self-Determination,,,,,FALSE,,email,https://api.au.badgr.io/public/assertions/DVb9ULfFQ3O3XAs4vazShw/image
2025-10-06T04:14:16.768Z,Nationhood and Self-Determination,,,,,FALSE,,email,https://api.au.badgr.io/public/assertions/AmL-MBizRziROP9HBQ6gtQ/image
2025-10-06T04:14:16.755Z,Nationhood and Self-Determination,STUD_268,,,,FALSE,,email,https://api.au.badgr.io/public/assertions/1lSafH_0SBGKMCTR-y74Rg/image
2025-10-06T04:14:16.749Z,Nationhood and Self-Determination,STUD_203,,,,FALSE,,email,https://api.au.badgr.io/public/assertions/txvoZoH0Sje4zP0u08E9_A/image
2025-10-06T04:14:16.748Z,Nationhood and Self-Determination,,,,,FALSE,,email,https://api.au.badgr.io/public/assertions/z345pVdpQpSXuw3lj__XwQ/image
2025-10-06T04:14:16.746Z,Nationhood and Self-Determination,STUD_354,,,,FALSE,,email,https://api.au.badgr.io/public/assertions/oe5o-iP9TzqduGfjUCDD4g/image
2025-10-05T21:00:00Z,Nationhood and Self-Determination,,,,,FALSE,,email,https://badges.parchment.au/public/assertions/mfY6N9rbTTymRNFmrbaMTQ/image
2025-10-05T21:00:00Z,Nationhood and Self-Determination,,,,,FALSE,,email,https://api.au.badgr.io/public/assertions/P6Je1xshQyCEMiZsAhyaRw/image
2025-10-05T21:00:00Z,Understanding Treaty,STUD_159,,,,FALSE,,email,https://api.au.badgr.io/public/assertions/aKPT-WhBR8q4CT9fO9gTuw/image
2025-10-01T14:00:00Z,Introduction to the Ethics of Artificial Intelligence,,,,,FALSE,,email,https://api.au.badgr.io/public/assertions/cDMG9oEHQku1xBVsv6AqZw/image
2025-10-01T14:00:00Z,Introduction to the Ethics of Artificial Intelligence,,,,,FALSE,,email,https://api.au.badgr.io/public/assertions/DRgTM26yQ7ueiOUt7H4tDg/image
2025-10-01T14:00:00Z,Introduction to the Ethics of Artificial Intelligence,,,,,FALSE,,email,https://api.au.badgr.io/public/assertions/2JqfOkqzQwysoMtT0NpadQ/image
2025-10-01T14:00:00Z,Introduction to the Ethics of Artificial Intelligence,,,,,FALSE,,email,https://api.au.badgr.io/public/assertions/crGBTnjJSiuWsuiuXrUrkw/image
2025-10-01T14:00:00Z,Introduction to the Ethics of Artificial Intelligence,,,,,FALSE,,email,https://api.au.badgr.io/public/assertions/N3CNB-ZoTzioDrG9N1yxTw/image
2025-10-01T14:00:00Z,Introduction to the Ethics of Artificial Intelligence,,,,,FALSE,,email,https://api.au.badgr.io/public/assertions/c_nQzgxkQFOiL-cuBlhdgA/image
2025-10-01T14:00:00Z,Introduction to the Ethics of Artificial Intelligence,,,,,FALSE,,email,https://api.au.badgr.io/public/assertions/QwNMo9-lQ3ypug1Q2YyXvg/image
2025-10-01T14:00:00Z,Introduction to the Ethics of Artificial Intelligence,,,,,FALSE,,email,https://api.au.badgr.io/public/assertions/zTuCr4EbTNKN-4CoAVBp7g/image
2025-10-01T14:00:00Z,Introduction to the Ethics of Artificial Intelligence,,,,,FALSE,,email,https://api.au.badgr.io/public/assertions/FxmhZoxNSuCJ8FVUI1ao6A/image
2025-10-01T14:00:00Z,Introduction to the Ethics of Artificial Intelligence,,,,,FALSE,,email,https://api.au.badgr.io/public/assertions/-GQKYbx3QMKOiG5Fjvb4bw/image
2025-10-01T14:00:00Z,Introduction to the Ethics of Artificial Intelligence,,,,,FALSE,,email,https://api.au.badgr.io/public/assertions/FcZKtscbSbi0Xhp07H08PQ/image
2025-10-01T14:00:00Z,Introduction to the Ethics of Artificial Intelligence,,,,,FALSE,,email,https://api.au.badgr.io/public/assertions/CHnOMIGiQb-sA6mILZaBnA/image
2025-10-01T14:00:00Z,Introduction to the Ethics of Artificial Intelligence,,,,,FALSE,,email,https://api.au.badgr.io/public/assertions/NjMUVTUbTWixBoAcdtDkqA/image
2025-10-01T14:00:00Z,Introduction to the Ethics of Artificial Intelligence,,,,,FALSE,,email,https://api.au.badgr.io/public/assertions/NUh0Gwu6QD-0NP8DuYOGTg/image
2025-10-01T14:00:00Z,Introduction to the Ethics of Artificial Intelligence,,,,,FALSE,,email,https://api.au.badgr.io/public/assertions/jLr9_wJ_SKaUVVDc8p08NA/image
2025-10-01T14:00:00Z,Introduction to the Ethics of Artificial Intelligence,,,,,FALSE,,email,https://api.au.badgr.io/public/assertions/HgEpivKERIeAWfh527dGaw/image
2025-10-01T14:00:00Z,Introduction to the Ethics of Artificial Intelligence,,,,,FALSE,,email,https://api.au.badgr.io/public/assertions/BNW-9uGyT-antwBWFKOuwQ/image
2025-10-01T14:00:00Z,Introduction to the Ethics of Artificial Intelligence,,,,,FALSE,,email,https://api.au.badgr.io/public/assertions/Pf_2Qo-YREm3uupS56VFfg/image
2025-10-01T14:00:00Z,Introduction to the Ethics of Artificial Intelligence,,,,,FALSE,,email,https://api.au.badgr.io/public/assertions/MRvswk_3Rq-JHpBIOFo4OA/image
2025-10-01T14:00:00Z,Introduction to the Ethics of Artificial Intelligence,,,,,FALSE,,email,https://api.au.badgr.io/public/assertions/SWX0gdh9Rfe2Us700Hx0lQ/image
2025-10-01T14:00:00Z,Introduction to the Ethics of Artificial Intelligence,,,,,FALSE,,email,https://api.au.badgr.io/public/assertions/f9tO-C_pQfmf4nPq4t11JQ/image
2025-10-01T14:00:00Z,Introduction to the Ethics of Artificial Intelligence,,,,,FALSE,,email,https://api.au.badgr.io/public/assertions/tDOdg2GqTKqBDlIruvFvfg/image
2025-09-29T22:00:00Z,Detecting Flaws in Reasoning,,,,,FALSE,,email,https://api.au.badgr.io/public/assertions/HAGDE_kdQGarhVC8K4xnhA/image
2025-09-29T22:00:00Z,Detecting Flaws in Reasoning,,,,,FALSE,,email,https://api.au.badgr.io/public/assertions/tbDqwfmnQ_qHgnoN63c-XA/image
2025-09-29T22:00:00Z,Detecting Flaws in Reasoning,,,,,FALSE,,email,https://api.au.badgr.io/public/assertions/fpcHguT-TOWxlwMrZktWzw/image
2025-09-24T14:00:00Z,Process Thinking and Improvement,,,,,FALSE,,email,https://api.au.badgr.io/public/assertions/Etv2revYQf27E57Ul1C80Q/image
2025-09-24T14:00:00Z,Process Thinking and Improvement,,,,,FALSE,,email,https://api.au.badgr.io/public/assertions/Eg1aApM5S7OSsQYlj_GRsg/image
2025-09-24T14:00:00Z,Process Thinking and Improvement,,,,,FALSE,,email,https://api.au.badgr.io/public/assertions/wAT1u72IR32i4gPoRldtEA/image
2025-09-24T14:00:00Z,Process Thinking and Improvement,,,,,FALSE,,email,https://api.au.badgr.io/public/assertions/l9fLSsKKQGaTtpE8Qi9phQ/image
2025-09-24T14:00:00Z,Process Thinking and Improvement,,,,,FALSE,,email,https://api.au.badgr.io/public/assertions/KgWFEUQEQDq7TEvpJ-x60Q/image
2025-09-24T14:00:00Z,Process Thinking and Improvement,,,,,FALSE,,email,https://api.au.badgr.io/public/assertions/2Ki_O3N1QmG8UqMUAQnNlg/image
2025-09-24T14:00:00Z,Process Thinking and Improvement,,,,,FALSE,,email,https://api.au.badgr.io/public/assertions/uMZEwof8Q1aFq9QhMClmrg/image
2025-09-24T14:00:00Z,Process Thinking and Improvement,,,,,FALSE,,email,https://api.au.badgr.io/public/assertions/m5dprkUISNClpcYcVo-bDw/image
2025-09-24T14:00:00Z,Process Thinking and Improvement,,,,,FALSE,,email,https://api.au.badgr.io/public/assertions/p5C-OqAxQo2MvwZsGa0V1Q/image
2025-09-24T14:00:00Z,Process Thinking and Improvement,,,,,FALSE,,email,https://api.au.badgr.io/public/assertions/-3f4yP67RMeaYOP3zqQGCQ/image
2025-09-24T14:00:00Z,Process Thinking and Improvement,,,,,FALSE,,email,https://api.au.badgr.io/public/assertions/glNjosATTIqBtt2_MzgAGA/image
2025-09-24T14:00:00Z,Process Thinking and Improvement,,,,,FALSE,,email,https://api.au.badgr.io/public/assertions/TdBAuxayRSyNSYXyJU5x0Q/image
2025-09-24T14:00:00Z,Process Thinking and Improvement,,,,,FALSE,,email,https://api.au.badgr.io/public/assertions/m5EQZNa2R1uwzfStxbsFhQ/image
2025-09-24T14:00:00Z,Process Thinking and Improvement,,,,,FALSE,,email,https://api.au.badgr.io/public/assertions/pkk7xclgSYSdvA6YgNPmVA/image
2025-09-24T14:00:00Z,Process Thinking and Improvement,,,,,FALSE,,email,https://api.au.badgr.io/public/assertions/JNCF2MzmSmG8UgQ8TTQ1RQ/image
2025-09-24T14:00:00Z,Process Thinking and Improvement,,,,,FALSE,,email,https://api.au.badgr.io/public/assertions/PDzInhGASz-JhdFpxLvR8A/image
2025-09-24T14:00:00Z,Process Thinking and Improvement,,,,,FALSE,,email,https://api.au.badgr.io/public/assertions/N5wzbTu1Sq-G1b_k3X6h7g/image
2025-09-24T14:00:00Z,Process Thinking and Improvement,,,,,FALSE,,email,https://api.au.badgr.io/public/assertions/xCWhg01NQdWNJGkj7J0rbQ/image
2025-09-24T14:00:00Z,Process Thinking and Improvement,,,,,FALSE,,email,https://api.au.badgr.io/public/assertions/1Yu7xhY2RkGi6xkVUqFMOw/image
2025-09-24T14:00:00Z,Process Thinking and Improvement,,,,,FALSE,,email,https://api.au.badgr.io/public/assertions/4Jfq92UzQjC4TXONc6H_ZA/image
2025-09-24T14:00:00Z,Detecting Flaws in Reasoning,,,,,FALSE,,email,https://api.au.badgr.io/public/assertions/UQdLZtnRRv6ogiNX7QMmbA/image
2025-09-24T14:00:00Z,Detecting Flaws in Reasoning,,,,,FALSE,,email,https://api.au.badgr.io/public/assertions/B5ckZPgbSSeXZ4OhsCUzXw/image
2025-09-24T14:00:00Z,Detecting Flaws in Reasoning,,,,,FALSE,,email,https://api.au.badgr.io/public/assertions/Ff14pGsmTESACYTWruqhKg/image
2025-09-24T14:00:00Z,Detecting Flaws in Reasoning,,,,,FALSE,,email,https://api.au.badgr.io/public/assertions/l_WcLBFzTsKjjrps4gc5Ow/image
2025-09-24T14:00:00Z,Detecting Flaws in Reasoning,,,,,FALSE,,email,https://api.au.badgr.io/public/assertions/ZXTimj83SP2wbazWITq82w/image
2025-09-24T14:00:00Z,Detecting Flaws in Reasoning,,,,,FALSE,,email,https://api.au.badgr.io/public/assertions/FC7jKaifTF2UCqpglNahHw/image
2025-09-24T14:00:00Z,Detecting Flaws in Reasoning,,,,,FALSE,,email,https://api.au.badgr.io/public/assertions/fI2_RNvMQtOKhRRsL4_x5A/image
2025-09-24T14:00:00Z,Detecting Flaws in Reasoning,,,,,FALSE,,email,https://api.au.badgr.io/public/assertions/rNHmVj-vSwyYNDyb0voCWQ/image
2025-09-24T14:00:00Z,Detecting Flaws in Reasoning,,,,,FALSE,,email,https://api.au.badgr.io/public/assertions/S9qtVzZyRp-e1S99qnp3ig/image
2025-09-24T14:00:00Z,Detecting Flaws in Reasoning,,,,,FALSE,,email,https://api.au.badgr.io/public/assertions/eNzShiVMQs-w3w47hyljEw/image
2025-09-24T14:00:00Z,Detecting Flaws in Reasoning,,,,,FALSE,,email,https://api.au.badgr.io/public/assertions/PWKpkd-7ReyhW4ON1DHNFw/image
2025-09-24T14:00:00Z,Detecting Flaws in Reasoning,,,,,FALSE,,email,https://api.au.badgr.io/public/assertions/m_msYxleSbe_ouGi3Rk-wQ/image
2025-09-24T14:00:00Z,Detecting Flaws in Reasoning,,,,,FALSE,,email,https://api.au.badgr.io/public/assertions/2xNqKo5QTgqfQXfmF0iGwQ/image
2025-09-24T14:00:00Z,Detecting Flaws in Reasoning,,,,,FALSE,,email,https://api.au.badgr.io/public/assertions/ARjVlVkbSsqjfV_ptP6yrg/image
2025-09-24T14:00:00Z,Detecting Flaws in Reasoning,,,,,FALSE,,email,https://api.au.badgr.io/public/assertions/NCjG_lDHSFmvO-Ey1gL8CA/image
2025-09-23T22:00:00Z,Create Healthcare Solutions from Existing AI Tools,,,,,FALSE,,email,https://api.au.badgr.io/public/assertions/iFDQY3_VR4e1WbdUKCNjMA/image
2025-09-23T22:00:00Z,Create Healthcare Solutions from Existing AI Tools,,,,,FALSE,,email,https://api.au.badgr.io/public/assertions/b1tILeg0Q02m_tySg8lSJQ/image
2025-09-23T22:00:00Z,Create Healthcare Solutions from Existing AI Tools,,,,,FALSE,,email,https://api.au.badgr.io/public/assertions/FvuJxn4GR3SQso8vWqdPLg/image
2025-09-23T22:00:00Z,Create Healthcare Solutions from Existing AI Tools,,,,,FALSE,,email,https://api.au.badgr.io/public/assertions/YJiIu80WShuY_WMEd3haMA/image
2025-09-23T22:00:00Z,Create Healthcare Solutions from Existing AI Tools,,,,,FALSE,,email,https://api.au.badgr.io/public/assertions/wR4EeFi6T2W6A5-ALmu-dA/image
2025-09-23T22:00:00Z,Create Healthcare Solutions from Existing AI Tools,,,,,FALSE,,email,https://api.au.badgr.io/public/assertions/ZTyfL7b0R363Y38g84LBcg/image
2025-09-23T22:00:00Z,Create Healthcare Solutions from Existing AI Tools,,,,,FALSE,,email,https://api.au.badgr.io/public/assertions/ps032j8lSiaqg0HPDkveag/image
2025-09-23T22:00:00Z,Create Healthcare Solutions from Existing AI Tools,,,,,FALSE,,email,https://api.au.badgr.io/public/assertions/YpVv8CoXQgKgWXUpD3jFvQ/image
2025-09-18T22:00:00Z,Disaster Management Essentials,,,,,FALSE,,email,https://api.au.badgr.io/public/assertions/fBHhu4sxQ72Vm8SSZnu9tg/image
2025-09-18T22:00:00Z,Disaster Management Essentials,,,,,FALSE,,email,https://api.au.badgr.io/public/assertions/60TJcbtqRvy6yNxp8qVE3Q/image
2025-09-18T22:00:00Z,Disaster Management Essentials,,,,,FALSE,,email,https://api.au.badgr.io/public/assertions/fjYGCFIkRmWvuuHK8o8I7g/image
2025-09-18T22:00:00Z,Disaster Management Essentials,,,,,FALSE,,email,https://api.au.badgr.io/public/assertions/qB8VxJVGTNiHlRK8FxzFlQ/image
2025-09-18T22:00:00Z,Disaster Management Essentials,,,,,FALSE,,email,https://api.au.badgr.io/public/assertions/4YxDtZ3ZQJG_lV-aNTRH8Q/image
2025-09-11T22:00:00Z,Practical Use of AI in Healthcare,,,,,FALSE,,email,https://api.au.badgr.io/public/assertions/aDTXkpW9TV-bO7DqFH_XGw/image
2025-09-11T22:00:00Z,Practical Use of AI in Healthcare,,,,,FALSE,,email,https://api.au.badgr.io/public/assertions/VaLThHZ_SRajxXz1O3H8xw/image
2025-09-01T02:00:00Z,Indigenous and Other Sovereignties,,,,,FALSE,,email,https://api.au.badgr.io/public/assertions/OQdddsXRRv6_sCc5eftSrg/image
2025-09-01T02:00:00Z,Indigenous and Other Sovereignties,STUD_001,,,,FALSE,,email,https://api.au.badgr.io/public/assertions/rR9n-1vbRGmb4Dz_bvGwTA/image
2025-08-24T22:00:00Z,Practical Use of AI in Healthcare,,,,,FALSE,,email,https://api.au.badgr.io/public/assertions/JT_zTt2MTvSqhw7bZWxVEQ/image
2025-08-18T02:09:38.968Z,Intrapreneurship Fundamentals,,,,,FALSE,,email,https://api.au.badgr.io/public/assertions/bfFpjMIRSzai3c0ZR0vidg/image
2025-08-18T02:09:38.943Z,Intrapreneurship Fundamentals,,,,,FALSE,,email,https://api.au.badgr.io/public/assertions/Cv1OaVk4QL2oqiixSRpquQ/image
2025-08-18T02:09:38.937Z,Intrapreneurship Fundamentals,,,,,FALSE,,email,https://api.au.badgr.io/public/assertions/khUYR9c-SQOY0TZTGM-ksA/image
2025-08-13T22:00:00Z,Indigenous and Other Sovereignties,STUD_025,,,,FALSE,,email,https://api.au.badgr.io/public/assertions/OaN8npPcRDeLKFyvVQiqGQ/image
2025-08-12T04:36:22.801Z,Intrapreneurship Fundamentals,,,,,FALSE,,email,https://api.au.badgr.io/public/assertions/RaCa5ERURrGCoKChbbll-Q/image
2025-08-12T04:36:22.796Z,Intrapreneurship Fundamentals,,,,,FALSE,,email,https://api.au.badgr.io/public/assertions/LLAMJF2mQbyGdxpakphgoQ/image
2025-08-12T04:36:22.784Z,Intrapreneurship Fundamentals,,,,,TRUE,Manually revoked by Issuer,email,https://api.au.badgr.io/public/assertions/GTCX6-QmQvSFjCDMDSTVVg/image
2025-08-12T04:36:22.776Z,Intrapreneurship Fundamentals,,,,,FALSE,,email,https://api.au.badgr.io/public/assertions/wVPdFUsxSUalm8bGu3Fvcg/image
2025-08-12T04:36:22.766Z,Intrapreneurship Fundamentals,,,,,FALSE,,email,https://api.au.badgr.io/public/assertions/J4jat_dFT5uo5qMfdA2I0w/image
2025-08-12T04:36:22.747Z,Intrapreneurship Fundamentals,,,,,FALSE,,email,https://api.au.badgr.io/public/assertions/SWyk7we_ROKF5uOhOPq37Q/image
2025-08-12T04:36:22.740Z,Intrapreneurship Fundamentals,,,,,FALSE,,email,https://api.au.badgr.io/public/assertions/RfymjSrfQ2SniquMTy6t8Q/image
2025-08-12T04:36:22.723Z,Intrapreneurship Fundamentals,,,,,FALSE,,email,https://api.au.badgr.io/public/assertions/NkAAgpZES-awRGQb4D6qKg/image
2025-08-12T04:36:22.723Z,Intrapreneurship Fundamentals,,,,,FALSE,,email,https://api.au.badgr.io/public/assertions/OZoYKc_DRbKoerqzUVKSxw/image
2025-08-12T04:36:22.719Z,Intrapreneurship Fundamentals,,,,,FALSE,,email,https://api.au.badgr.io/public/assertions/x_jynqm2TXejfTHdKd_G8A/image
2025-08-12T04:36:22.708Z,Intrapreneurship Fundamentals,,,,,FALSE,,email,https://api.au.badgr.io/public/assertions/qI8HLUlaR9ap8n-aWa-CrQ/image
2025-08-12T04:36:22.702Z,Intrapreneurship Fundamentals,,,,,FALSE,,email,https://api.au.badgr.io/public/assertions/QMQ_ibJvS22A46TT-KbOIQ/image
2025-08-12T04:36:22.690Z,Intrapreneurship Fundamentals,,,,,FALSE,,email,https://api.au.badgr.io/public/assertions/7NtrYj4QT5O6UR0NZ5ir9w/image
2025-08-12T04:36:22.667Z,Intrapreneurship Fundamentals,,,,,FALSE,,email,https://api.au.badgr.io/public/assertions/qnRg0W_FQ9uUq6ZcB0jsBw/image
2025-08-12T04:36:22.491Z,Intrapreneurship Fundamentals,,,,,FALSE,,email,https://api.au.badgr.io/public/assertions/OfHwu8JaQsyVzD9r5_Osgw/image
2025-08-12T04:36:22.488Z,Intrapreneurship Fundamentals,,,,,FALSE,,email,https://api.au.badgr.io/public/assertions/jsyl5eHCTXumFq2ufYz3Hg/image
2025-08-12T04:36:22.487Z,Intrapreneurship Fundamentals,,,,,FALSE,,email,https://api.au.badgr.io/public/assertions/GuOE7BjKTACgO8S6x5G61g/image
2025-08-07T22:00:00Z,Intrapreneurship Fundamentals,,,,,TRUE,Manually revoked by Issuer,email,https://api.au.badgr.io/public/assertions/08v9ofEeR_aVJyakKpSavw/image
2025-08-07T22:00:00Z,Intrapreneurship Fundamentals,,,,,FALSE,,email,https://api.au.badgr.io/public/assertions/jXpSuNDTSGCHyI0N2h0GIQ/image
2025-08-07T00:03:31.289Z,Indigenous and Other Sovereignties,STUD_277,,,,FALSE,,email,https://api.au.badgr.io/public/assertions/O45HSux-RAqKmxUkRDBOig/image
2025-08-07T00:03:30.739Z,Indigenous and Other Sovereignties,,,,,FALSE,,email,https://api.au.badgr.io/public/assertions/AtwCfglTTaS-QATCEOHBXA/image
2025-08-07T00:03:30.728Z,Indigenous and Other Sovereignties,,,,,FALSE,,email,https://api.au.badgr.io/public/assertions/t788JyA6QUavJBwiSFSddw/image
2025-08-07T00:03:30.646Z,Indigenous and Other Sovereignties,STUD_260,,,,FALSE,,email,https://api.au.badgr.io/public/assertions/djldh7zFQY-NMn6H4Gk0qQ/image
2025-08-07T00:03:30.638Z,Indigenous and Other Sovereignties,STUD_125,,,,FALSE,,email,https://api.au.badgr.io/public/assertions/X1RnZpIOR4ipymYQhujBjg/image
2025-08-07T00:03:30.635Z,Indigenous and Other Sovereignties,,,,,FALSE,,email,https://api.au.badgr.io/public/assertions/PpWbc9U0Rrifw1Cf9dpYtw/image
2025-08-07T00:03:30.632Z,Indigenous and Other Sovereignties,STUD_201,,,,FALSE,,email,https://api.au.badgr.io/public/assertions/zuyj_3UxQxGesY_F0hk9CQ/image
2025-08-07T00:03:30.610Z,Indigenous and Other Sovereignties,,,,,FALSE,,email,https://api.au.badgr.io/public/assertions/DECh6nGETSyeeN7O9EgPpg/image
2025-08-07T00:03:30.608Z,Indigenous and Other Sovereignties,STUD_142,,,,FALSE,,email,https://api.au.badgr.io/public/assertions/0vPVxmTeQw6NI1DFh1dn1Q/image
2025-08-07T00:03:30.607Z,Indigenous and Other Sovereignties,STUD_083,,,,FALSE,,email,https://api.au.badgr.io/public/assertions/nVyNFXaeRN23ndluL6rwVw/image
2025-08-07T00:03:30.606Z,Indigenous and Other Sovereignties,,,,,FALSE,,email,https://api.au.badgr.io/public/assertions/ETjjP8kOSn29E0PjL--jmA/image
2025-08-07T00:03:30.605Z,Indigenous and Other Sovereignties,,,,,FALSE,,email,https://api.au.badgr.io/public/assertions/fj9gdgacTmKLliJYL03_ZA/image
2025-08-07T00:03:30.600Z,Indigenous and Other Sovereignties,,,,,FALSE,,email,https://api.au.badgr.io/public/assertions/hQ2kFrAbRkGum4M51-Du_Q/image
2025-08-07T00:03:30.596Z,Indigenous and Other Sovereignties,,,,,FALSE,,email,https://api.au.badgr.io/public/assertions/9WNyGH8mQymAkfftqI8h-Q/image
2025-08-07T00:03:30.585Z,Indigenous and Other Sovereignties,,,,,FALSE,,email,https://api.au.badgr.io/public/assertions/G7waxxU8REenkdZ9ZPhbxA/image
2025-08-07T00:03:30.585Z,Indigenous and Other Sovereignties,,,,,FALSE,,email,https://api.au.badgr.io/public/assertions/8Jut1R2PQIiczkyrOSHzmQ/image
2025-08-07T00:03:30.584Z,Indigenous and Other Sovereignties,,,,,FALSE,,email,https://api.au.badgr.io/public/assertions/sryXYkGCS5e_PlGmY7KI5A/image
2025-08-07T00:03:30.582Z,Indigenous and Other Sovereignties,,,,,FALSE,,email,https://api.au.badgr.io/public/assertions/bMOqKGKWRpmx6Te3Kb1TDA/image
2025-08-07T00:03:30.574Z,Indigenous and Other Sovereignties,STUD_058,,,,FALSE,,email,https://api.au.badgr.io/public/assertions/BjrA6tOFQHi_UUydgLbJbA/image
2025-08-07T00:03:30.569Z,Indigenous and Other Sovereignties,,,,,FALSE,,email,https://api.au.badgr.io/public/assertions/cVIWO-KOR86Dujqii1V3Jg/image
2025-08-07T00:03:30.567Z,Indigenous and Other Sovereignties,,,,,FALSE,,email,https://api.au.badgr.io/public/assertions/AyA6a5TQRhS9_LqLQrIlbA/image
2025-08-07T00:03:30.566Z,Indigenous and Other Sovereignties,STUD_026,,,,FALSE,,email,https://api.au.badgr.io/public/assertions/ndcONVJ5RJKQf3wxdaqEzg/image
2025-08-07T00:03:30.564Z,Indigenous and Other Sovereignties,,,,,FALSE,,email,https://api.au.badgr.io/public/assertions/oYi9LkV0RmqEj6oCqVcwWw/image
2025-08-07T00:03:30.545Z,Indigenous and Other Sovereignties,STUD_018,,,,FALSE,,email,https://api.au.badgr.io/public/assertions/MVj073bCS8uq-13s6srShQ/image
2025-08-07T00:03:30.529Z,Indigenous and Other Sovereignties,,,,,FALSE,,email,https://api.au.badgr.io/public/assertions/wkyRfLbjRsqJh95KY2VmnQ/image
2025-08-07T00:03:30.527Z,Indigenous and Other Sovereignties,STUD_143,,,,FALSE,,email,https://api.au.badgr.io/public/assertions/E1NmrJbjS5yqNlfn2eVhxw/image
2025-08-07T00:03:30.495Z,Indigenous and Other Sovereignties,,,,,FALSE,,email,https://api.au.badgr.io/public/assertions/1-Btk_oYQtmvCSfE_d4BKA/image
2025-08-07T00:03:30.452Z,Indigenous and Other Sovereignties,STUD_157,,,,FALSE,,email,https://api.au.badgr.io/public/assertions/Cywom5PsSW68zD_GgnRMxg/image
2025-08-07T00:03:30.428Z,Indigenous and Other Sovereignties,STUD_361,,,,FALSE,,email,https://api.au.badgr.io/public/assertions/y6nkkxdZQLmyL-zX_mIR4Q/image
2025-08-07T00:03:30.360Z,Indigenous and Other Sovereignties,STUD_212,,,,FALSE,,email,https://api.au.badgr.io/public/assertions/fgvQFIJkSBWMqSMEpQwWrg/image
2025-08-07T00:03:30.360Z,Indigenous and Other Sovereignties,,,,,FALSE,,email,https://api.au.badgr.io/public/assertions/Gvp2eOO2QNWZ0Pw_H5_DDQ/image
2025-08-07T00:03:30.245Z,Indigenous and Other Sovereignties,,,,,FALSE,,email,https://api.au.badgr.io/public/assertions/VfvpjOw6RH6KWZhMyTj5Og/image
2025-08-07T00:03:30.198Z,Indigenous and Other Sovereignties,,,,,FALSE,,email,https://api.au.badgr.io/public/assertions/ARLVW6ptTRe-_obumtXB_w/image
2025-08-07T00:03:30.193Z,Indigenous and Other Sovereignties,,,,,FALSE,,email,https://api.au.badgr.io/public/assertions/j3ylfvGNTLiUTnhJboJP8g/image
2025-08-05T04:04:51.106Z,Indigenous and Other Sovereignties,STUD_184,,,,FALSE,,email,https://api.au.badgr.io/public/assertions/LqfGj9wSTYmj8yCdf-zgWg/image
2025-08-05T04:04:51.075Z,Indigenous and Other Sovereignties,STUD_156,,,,FALSE,,email,https://api.au.badgr.io/public/assertions/4ESienOmS4iffB-OBoI7-A/image
2025-08-05T04:04:51.052Z,Indigenous and Other Sovereignties,STUD_303,,,,FALSE,,email,https://api.au.badgr.io/public/assertions/ywsHC8xnSCSkTZ9GbW1_6w/image
2025-08-05T04:04:51.040Z,Indigenous and Other Sovereignties,STUD_233,,,,FALSE,,email,https://api.au.badgr.io/public/assertions/9_alo98gTGS23lk8iQ9ogg/image
2025-08-05T04:04:51.035Z,Indigenous and Other Sovereignties,STUD_021,,,,FALSE,,email,https://api.au.badgr.io/public/assertions/OydFvBFLQPmEQndGaN0KeA/image
2025-08-05T04:04:51.031Z,Indigenous and Other Sovereignties,STUD_056,,,,FALSE,,email,https://api.au.badgr.io/public/assertions/sIA747W_TN-KOv8hhtECow/image
2025-08-05T04:04:51.014Z,Indigenous and Other Sovereignties,STUD_222,,,,FALSE,,email,https://api.au.badgr.io/public/assertions/xupAtGKjRcGzjGaAQXT09A/image
2025-08-05T04:04:51.012Z,Indigenous and Other Sovereignties,STUD_322,,,,FALSE,,email,https://api.au.badgr.io/public/assertions/vHtl8fRQSyGfEZo7011tUg/image
2025-08-05T04:04:51.010Z,Indigenous and Other Sovereignties,STUD_014,,,,FALSE,,email,https://api.au.badgr.io/public/assertions/La_FGUYcRhaYGW3KDcvUiA/image
2025-08-05T04:04:51.010Z,Indigenous and Other Sovereignties,,,,,FALSE,,email,https://api.au.badgr.io/public/assertions/_fenBpOSQOama7llKFFYZw/image
2025-08-05T04:04:50.998Z,Indigenous and Other Sovereignties,STUD_306,,,,FALSE,,email,https://api.au.badgr.io/public/assertions/ytc8VNA9QcC8ykmLOtyAFQ/image
2025-08-05T04:04:50.992Z,Indigenous and Other Sovereignties,STUD_110,,,,FALSE,,email,https://api.au.badgr.io/public/assertions/boFfMpntRuqARvFoFcv31g/image
2025-08-05T04:04:50.981Z,Indigenous and Other Sovereignties,STUD_283,,,,FALSE,,email,https://api.au.badgr.io/public/assertions/QnPPHQ96ToipIvofTeS8vA/image
2025-08-05T04:04:50.957Z,Indigenous and Other Sovereignties,,,,,FALSE,,email,https://api.au.badgr.io/public/assertions/BZ1nI8TaSfKuBM19fC1-Pw/image
2025-08-05T04:04:50.758Z,Indigenous and Other Sovereignties,STUD_080,,,,FALSE,,email,https://api.au.badgr.io/public/assertions/AhKXoS2yT3mq5oGbxCf1Og/image
2025-08-05T04:04:50.757Z,Indigenous and Other Sovereignties,STUD_308,,,,FALSE,,email,https://api.au.badgr.io/public/assertions/KcxW9Nx3QZivb7z8GoLAZg/image
2025-08-05T04:04:50.753Z,Indigenous and Other Sovereignties,STUD_229,,,,FALSE,,email,https://api.au.badgr.io/public/assertions/585Jvda2TCSjknIcDd3kYQ/image
2025-08-05T04:04:50.735Z,Indigenous and Other Sovereignties,STUD_282,,,,FALSE,,email,https://api.au.badgr.io/public/assertions/ctOPaFyTRY2SVwjCl_knZA/image
2025-08-05T04:04:50.726Z,Indigenous and Other Sovereignties,STUD_102,,,,FALSE,,email,https://api.au.badgr.io/public/assertions/Tiz5y9iQR1iaphwRMg7BnQ/image
2025-08-05T04:04:50.721Z,Indigenous and Other Sovereignties,STUD_342,,,,FALSE,,email,https://api.au.badgr.io/public/assertions/83u4PDjGQOa5YwcGh0lXLg/image
2025-08-05T03:48:46.806Z,Indigenous and Other Sovereignties,,,,,FALSE,,email,https://api.au.badgr.io/public/assertions/8-V9n-aWSjKDe7Nwuy1heA/image
2025-08-05T03:48:46.759Z,Indigenous and Other Sovereignties,,,,,FALSE,,email,https://api.au.badgr.io/public/assertions/96fGMjfHSsS1Jb-6LUiYwg/image
2025-08-05T03:48:46.752Z,Indigenous and Other Sovereignties,STUD_085,,,,FALSE,,email,https://api.au.badgr.io/public/assertions/0jpj89z1T5agmJ-XETTZrQ/image
2025-08-05T01:05:13.714Z,Practical Use of AI in Healthcare,,,,,FALSE,,email,https://api.au.badgr.io/public/assertions/C4ydGBdjQ5mlHf61NVXCFA/image
2025-08-05T01:05:13.709Z,Practical Use of AI in Healthcare,,,,,FALSE,,email,https://api.au.badgr.io/public/assertions/j_RcJOLCSOikfZg-BghRNw/image
2025-08-05T01:05:13.709Z,Practical Use of AI in Healthcare,,,,,FALSE,,email,https://api.au.badgr.io/public/assertions/KwsD3zJ7Tiido1SndgdAqg/image
2025-08-05T01:05:13.694Z,Practical Use of AI in Healthcare,,,,,FALSE,,email,https://api.au.badgr.io/public/assertions/H16NUrpIRwaKjr_g5OydqQ/image
2025-08-05T01:05:13.692Z,Practical Use of AI in Healthcare,,,,,FALSE,,email,https://api.au.badgr.io/public/assertions/hMsEYG5UTGC62CsdV-0Qcw/image
2025-08-05T01:05:13.690Z,Practical Use of AI in Healthcare,,,,,FALSE,,email,https://api.au.badgr.io/public/assertions/2-Qda09QRMWz-5VmXtQpzg/image
2025-08-05T01:05:13.677Z,Practical Use of AI in Healthcare,,,,,FALSE,,email,https://api.au.badgr.io/public/assertions/TNCc4avpRxi3IEVj9R_hqg/image
2025-08-05T01:05:13.668Z,Practical Use of AI in Healthcare,,,,,FALSE,,email,https://api.au.badgr.io/public/assertions/7eNCIGJBQOOHzjNvBDGfIA/image
2025-08-05T01:05:13.660Z,Practical Use of AI in Healthcare,,,,,FALSE,,email,https://api.au.badgr.io/public/assertions/ygd5kEDMRrK86lhOeaDylg/image
2025-08-04T22:00:00Z,Practical Use of AI in Healthcare,,,,,TRUE,Manually revoked by Issuer,email,https://api.au.badgr.io/public/assertions/-8tlsXjlQ_u4ffGnnP8Y6A/image
2025-08-04T22:00:00Z,Practical Use of AI in Healthcare,,,,,FALSE,,email,https://api.au.badgr.io/public/assertions/n_p59UKkSIukqJS7cmv0dg/image
2025-08-04T22:00:00Z,Practical Use of AI in Healthcare,,,,,FALSE,,email,https://api.au.badgr.io/public/assertions/ymwi9T7KQsWBJYNyaSSpmQ/image
2025-08-04T22:00:00Z,Practical Use of AI in Healthcare,,,,,FALSE,,email,https://api.au.badgr.io/public/assertions/Aj-kHzWlSaeV_rLFWEbM_g/image
2025-08-04T22:00:00Z,Practical Use of AI in Healthcare,,,,,FALSE,,email,https://api.au.badgr.io/public/assertions/OIZ4jrB7QAC9a5-64BbZPQ/image
2025-08-04T22:00:00Z,Practical Use of AI in Healthcare,,,,,FALSE,,email,https://api.au.badgr.io/public/assertions/PfaJFWoMQ4ebTMdQwoRk1w/image
2025-08-04T22:00:00Z,Practical Use of AI in Healthcare,,,,,FALSE,,email,https://api.au.badgr.io/public/assertions/GliSq2E8TCqa5MYCBb297g/image
2025-08-04T22:00:00Z,Practical Use of AI in Healthcare,,,,,FALSE,,email,https://api.au.badgr.io/public/assertions/byrCQqnhS5-4srps5V45Xg/image
2025-07-25T04:19:00Z,Advanced Network Countermeasures,,,,,FALSE,,email,https://api.au.badgr.io/public/assertions/ui4wCOEEQCy4zsvPKrqEHw/image
2025-07-25T04:19:00Z,Advanced Network Countermeasures,,,,,FALSE,,email,https://api.au.badgr.io/public/assertions/J7KwD245RY-yQczEa0H0Kw/image
2025-07-25T04:19:00Z,Advanced Network Countermeasures,,,,,FALSE,,email,https://api.au.badgr.io/public/assertions/TgzgumgYRSCGSF1iDXxskQ/image
2025-07-25T04:19:00Z,Advanced Network Countermeasures,,,,,FALSE,,email,https://api.au.badgr.io/public/assertions/wdbNNUZYRQyN_Gy1HM7YNQ/image
2025-07-25T04:19:00Z,Advanced Network Countermeasures,,,,,FALSE,,email,https://api.au.badgr.io/public/assertions/tksu-AaOQa-oUK7AYZXfdQ/image
2025-07-25T04:19:00Z,Advanced Network Countermeasures,,,,,FALSE,,email,https://api.au.badgr.io/public/assertions/E-fQlumEQJmkw6Xz3UOghw/image
2025-07-25T04:19:00Z,Advanced Network Countermeasures,,,,,FALSE,,email,https://api.au.badgr.io/public/assertions/HnI1jbD1QE20qhj2sdVomw/image
2025-07-25T04:19:00Z,Advanced Network Countermeasures,,,,,FALSE,,email,https://api.au.badgr.io/public/assertions/ki1zDmkmTpiRGPjAcAGJYA/image
2025-07-25T04:19:00Z,Advanced Network Countermeasures,,,,,FALSE,,email,https://api.au.badgr.io/public/assertions/cDiRADuDT9m3yQV9Za2Ibw/image
2025-07-25T04:19:00Z,Advanced Network Countermeasures,,,,,FALSE,,email,https://api.au.badgr.io/public/assertions/vUou17qtQPCqOyHd8NGpIA/image
2025-07-25T04:19:00Z,Advanced Network Countermeasures,,,,,FALSE,,email,https://api.au.badgr.io/public/assertions/8FfUWxD2S_-Gg8jYWMLJ3w/image
2025-07-25T04:19:00Z,Advanced Network Countermeasures,,,,,FALSE,,email,https://api.au.badgr.io/public/assertions/ActFQExYSs6_70rA0SHvqQ/image
2025-07-25T04:19:00Z,Advanced Network Countermeasures,,,,,FALSE,,email,https://api.au.badgr.io/public/assertions/o1gcash4TdGfaISYgdkJ1w/image
2025-07-25T04:19:00Z,Advanced Network Countermeasures,,,,,FALSE,,email,https://api.au.badgr.io/public/assertions/bCZaADS4Qvi74zuHgvRZDw/image
2025-07-25T04:19:00Z,Advanced Network Countermeasures,,,,,FALSE,,email,https://api.au.badgr.io/public/assertions/8kyqNe5XSzabuChpqKHYUw/image
2025-07-25T04:19:00Z,Advanced Network Countermeasures,,,,,FALSE,,email,https://api.au.badgr.io/public/assertions/oCrn1GitRi6ckJMyBjNcyg/image
2025-07-25T04:19:00Z,Advanced Network Countermeasures,,,,,FALSE,,email,https://api.au.badgr.io/public/assertions/MAjxOo7HRuKaFMacVL2NeQ/image
2025-07-25T04:19:00Z,Advanced Network Countermeasures,,,,,FALSE,,email,https://api.au.badgr.io/public/assertions/8v_AcSTTS8qw6HfJ2HJx6A/image
2025-07-25T04:19:00Z,Advanced Network Countermeasures,,,,,FALSE,,email,https://api.au.badgr.io/public/assertions/Bh_VckphQhC_Sut_isDCYA/image
2025-07-25T04:19:00Z,Advanced Network Countermeasures,,,,,FALSE,,email,https://api.au.badgr.io/public/assertions/5zETud55QMuZQ3wZlCYCDQ/image
2025-07-25T04:19:00Z,Advanced Network Countermeasures,,,,,FALSE,,email,https://api.au.badgr.io/public/assertions/eE1AmK0BTJ6McXKGr4Js5A/image
2025-07-25T04:19:00Z,Advanced Network Countermeasures,,,,,FALSE,,email,https://api.au.badgr.io/public/assertions/6-NoNFphSP6sZh2yguUQRg/image
2025-07-25T04:19:00Z,Advanced Network Countermeasures,,,,,FALSE,,email,https://api.au.badgr.io/public/assertions/YsFt5msXSOykkMaHFl4wQA/image
2025-07-25T04:19:00Z,Advanced Network Countermeasures,,,,,FALSE,,email,https://api.au.badgr.io/public/assertions/Hdv6knKRTj6LQE4CYq-OuQ/image
2025-07-25T04:19:00Z,Advanced Network Countermeasures,,,,,FALSE,,email,https://api.au.badgr.io/public/assertions/VUtuj16ISriTJ272MLOWvg/image
2025-07-25T04:19:00Z,Advanced Network Countermeasures,,,,,FALSE,,email,https://api.au.badgr.io/public/assertions/N_fJgtWlTVK8az6jnF8JZQ/image
2025-07-25T04:19:00Z,Advanced Network Countermeasures,,,,,FALSE,,email,https://api.au.badgr.io/public/assertions/Ew07URkeTFqmpRaPXCT_4Q/image
2025-07-25T04:19:00Z,Advanced Network Countermeasures,,,,,FALSE,,email,https://api.au.badgr.io/public/assertions/UTjC2rBkRZm7Q5t-7kHTaQ/image
2025-07-25T04:19:00Z,Advanced Network Countermeasures,,,,,FALSE,,email,https://api.au.badgr.io/public/assertions/X6ESfGn_ReSNRci3GJVyOw/image
2025-07-25T04:19:00Z,Advanced Network Countermeasures,,,,,FALSE,,email,https://api.au.badgr.io/public/assertions/WjC4VEEESEmTwVbSmNvbVw/image
2025-07-25T04:19:00Z,Advanced Network Countermeasures,,,,,FALSE,,email,https://api.au.badgr.io/public/assertions/VeU7JndMSiu6xso-pMYvag/image
2025-07-25T04:19:00Z,Advanced Network Countermeasures,,,,,FALSE,,email,https://api.au.badgr.io/public/assertions/L-T1cD_FRx-cN_sDknUyoQ/image
2025-07-25T04:19:00Z,Advanced Network Countermeasures,,,,,FALSE,,email,https://api.au.badgr.io/public/assertions/LrRRQ5jFT1-JwQbm8uepbw/image
2025-07-25T04:19:00Z,Advanced Network Countermeasures,,,,,FALSE,,email,https://api.au.badgr.io/public/assertions/kS9OFp_vRkSNGD34hJpPDA/image
2025-07-25T04:19:00Z,Advanced Network Countermeasures,,,,,FALSE,,email,https://api.au.badgr.io/public/assertions/RPgGEns9TEWRBFw9pAUZCg/image
2025-07-25T04:19:00Z,Advanced Network Countermeasures,,,,,FALSE,,email,https://api.au.badgr.io/public/assertions/SuYBI-DCSye4_yXeIH_1iQ/image
2025-07-25T04:19:00Z,Advanced Network Countermeasures,,,,,FALSE,,email,https://api.au.badgr.io/public/assertions/kN0ftipVSRyuFCDOUnZhIg/image
2025-07-25T04:19:00Z,Advanced Network Countermeasures,,,,,FALSE,,email,https://api.au.badgr.io/public/assertions/fmsUV7vISLSqCVi3e00izQ/image
2025-07-25T04:19:00Z,Advanced Network Countermeasures,,,,,FALSE,,email,https://api.au.badgr.io/public/assertions/Vrn1ijnLRR6zPNjJVgb7gA/image
2025-07-25T04:19:00Z,Advanced Network Countermeasures,,,,,FALSE,,email,https://api.au.badgr.io/public/assertions/lw668KdwSYmRWwp1MHQKSw/image
2025-07-24T22:00:00Z,Understanding Treaty,STUD_136,,,,FALSE,,email,https://api.au.badgr.io/public/assertions/cyhZ1jISQLiqfwNCoMF5fw/image
2025-07-24T14:00:00Z,Persuasion for Policymakers,,,,,FALSE,,email,https://api.au.badgr.io/public/assertions/26hXjmhbQ_W09Xq3eesdPA/image
2025-07-24T14:00:00Z,Persuasion for Policymakers,,,,,FALSE,,email,https://api.au.badgr.io/public/assertions/KlwVNL2KSue-3fayU1oeHw/image
2025-07-24T14:00:00Z,Persuasion for Policymakers,,,,,FALSE,,email,https://api.au.badgr.io/public/assertions/0_Ix3OQoRa6s1hrxKa5O3w/image
2025-07-24T14:00:00Z,Persuasion for Policymakers,,,,,FALSE,,email,https://api.au.badgr.io/public/assertions/ZJIjBf-sQ-6ckzZVEhmMMg/image
2025-07-24T14:00:00Z,Persuasion for Policymakers,,,,,FALSE,,email,https://api.au.badgr.io/public/assertions/Lfc-fWauRLKTVkm_83CdCA/image
2025-07-24T14:00:00Z,Persuasion for Policymakers,,,,,FALSE,,email,https://api.au.badgr.io/public/assertions/dHKOrSF8SUKdyXpAO-niPQ/image
2025-07-24T14:00:00Z,Persuasion for Policymakers,,,,,FALSE,,email,https://api.au.badgr.io/public/assertions/XZ8F86ieSgON-Swq-oIkTw/image
2025-07-24T14:00:00Z,Persuasion for Policymakers,,,,,FALSE,,email,https://api.au.badgr.io/public/assertions/6CuZ0k1jQaGdPQZ2hZFcLw/image
2025-07-24T14:00:00Z,Persuasion for Policymakers,,,,,FALSE,,email,https://api.au.badgr.io/public/assertions/uR2u-F8kTHObz7Gy3wBTFw/image
2025-07-24T14:00:00Z,Persuasion for Policymakers,,,,,FALSE,,email,https://api.au.badgr.io/public/assertions/jACiUOq9TVe0XiM2eg-NjA/image
2025-07-24T14:00:00Z,Persuasion for Policymakers,,,,,FALSE,,email,https://api.au.badgr.io/public/assertions/e0hWfGTETWmBb7B0QtKZBA/image
2025-07-24T14:00:00Z,Persuasion for Policymakers,,,,,FALSE,,email,https://api.au.badgr.io/public/assertions/YVpSVh3PRmWrGo_0UXkgZQ/image
2025-07-24T14:00:00Z,Persuasion for Policymakers,,,,,FALSE,,email,https://api.au.badgr.io/public/assertions/r7pwgALZRVu7sqbHXpXqSg/image
2025-07-24T14:00:00Z,Persuasion for Policymakers,,,,,FALSE,,email,https://api.au.badgr.io/public/assertions/Wjo2xN6_SwCl-r5c9s6yEA/image
2025-07-24T14:00:00Z,Persuasion for Policymakers,,,,,FALSE,,email,https://api.au.badgr.io/public/assertions/kLP_PNObRb2jHKmRQLUM1Q/image
2025-07-24T14:00:00Z,Persuasion for Policymakers,,,,,FALSE,,email,https://api.au.badgr.io/public/assertions/1ORe4YPuRJCszEZRpDa6-Q/image
2025-07-23T22:00:00Z,Indigenous and Other Sovereignties,,,,,FALSE,,email,https://api.au.badgr.io/public/assertions/Lt0B_tMjQg6Ik8JUkpfj5Q/image
2025-07-23T22:00:00Z,Advanced Network Countermeasures,,,,,TRUE,Manually revoked by Issuer,email,https://api.au.badgr.io/public/assertions/FUlYgAn_T1mpwnmiDdFOhA/image
2025-07-23T22:00:00Z,Advanced Network Countermeasures,,,,,TRUE,Manually revoked by Issuer,email,https://api.au.badgr.io/public/assertions/Azeu9tbFSfa2BbecK7d5pQ/image
2025-07-15T22:00:00Z,Understanding Treaty,STUD_168,,,,FALSE,,email,https://api.au.badgr.io/public/assertions/lZCHgNxvQs-azoyXw-tjFg/image
2025-07-15T22:00:00Z,Understanding Treaty,STUD_261,,,,FALSE,,email,https://api.au.badgr.io/public/assertions/kgfVfuB_TlCD1VwEljSiow/image
2025-07-15T22:00:00Z,Understanding Treaty,STUD_101,,,,FALSE,,email,https://api.au.badgr.io/public/assertions/h9GQ58JnR1q9oyUvxu8TKw/image
2025-07-15T22:00:00Z,Understanding Treaty,STUD_307,,,,FALSE,,email,https://api.au.badgr.io/public/assertions/oeoObDXKSm2YnfTEtCtc-w/image
2025-07-15T22:00:00Z,Understanding Treaty,STUD_239,,,,FALSE,,email,https://api.au.badgr.io/public/assertions/sehkVKyqRv6rCNvYNijqXg/image
2025-07-03T22:00:00Z,Understanding Treaty,STUD_114,,,,FALSE,,email,https://api.au.badgr.io/public/assertions/JXzEeiFSQuuI3HzroZBhmw/image
2025-07-03T22:00:00Z,Understanding Treaty,STUD_008,,,,FALSE,,email,https://api.au.badgr.io/public/assertions/jYaQ23DBTn-kHinSzEdFXg/image
2025-06-26T01:12:00Z,Network Security Analysis and Defence,,,,,FALSE,,email,https://api.au.badgr.io/public/assertions/vRh9NxrORKSTeef6Q1RaDA/image
2025-06-26T01:12:00Z,Network Security Analysis and Defence,,,,,FALSE,,email,https://api.au.badgr.io/public/assertions/tBe6G8sBTXOKzB4pjVvsdQ/image
2025-06-26T01:12:00Z,Network Security Analysis and Defence,,,,,FALSE,,email,https://api.au.badgr.io/public/assertions/JUp-Y61ZQpSoc4xQ__IZJA/image
2025-06-26T01:12:00Z,Network Security Analysis and Defence,,,,,FALSE,,email,https://api.au.badgr.io/public/assertions/etw84HJWSe2cyJr8-x9Bow/image
2025-06-26T01:12:00Z,Network Security Analysis and Defence,,,,,FALSE,,email,https://api.au.badgr.io/public/assertions/7QKJmoRzRKmvGxfa4hknBQ/image
2025-06-26T01:12:00Z,Network Security Analysis and Defence,,,,,FALSE,,email,https://api.au.badgr.io/public/assertions/ORPsuoYfQTm7mCc5AQQOFQ/image
2025-06-26T01:12:00Z,Network Security Analysis and Defence,,,,,FALSE,,email,https://api.au.badgr.io/public/assertions/ocmfb-6BTGG28s0rreDZWg/image
2025-06-26T01:12:00Z,Network Security Analysis and Defence,,,,,FALSE,,email,https://api.au.badgr.io/public/assertions/X1-wVoShQNSLUgh1cWJoTg/image
2025-06-26T01:12:00Z,Network Security Analysis and Defence,,,,,FALSE,,email,https://api.au.badgr.io/public/assertions/d_BAEGmkT6ug6W_rpYJ8bw/image
2025-06-26T01:12:00Z,Network Security Analysis and Defence,,,,,FALSE,,email,https://api.au.badgr.io/public/assertions/NYj6eDNwTbyw8Wnnmu2rBA/image
2025-06-26T01:12:00Z,Network Security Analysis and Defence,,,,,FALSE,,email,https://api.au.badgr.io/public/assertions/_Thel9SIQNWJd6Fkxg7ozw/image
2025-06-26T01:12:00Z,Network Security Analysis and Defence,,,,,FALSE,,email,https://api.au.badgr.io/public/assertions/XG_jigsTT7m5Z02CC1T14A/image
2025-06-26T01:12:00Z,Network Security Analysis and Defence,,,,,FALSE,,email,https://api.au.badgr.io/public/assertions/vDbbxUzlS4aoebUQ8tPBwA/image
2025-06-26T01:12:00Z,Network Security Analysis and Defence,,,,,FALSE,,email,https://api.au.badgr.io/public/assertions/yYzIapjaS86opqE7NZG9ug/image
2025-06-26T01:12:00Z,Network Security Analysis and Defence,,,,,FALSE,,email,https://api.au.badgr.io/public/assertions/fH1QJZorSXCV8YiL8GvdlA/image
2025-06-26T01:12:00Z,Network Security Analysis and Defence,,,,,FALSE,,email,https://api.au.badgr.io/public/assertions/7qMUpWVAQ3aLZgyhxphszQ/image
2025-06-26T01:12:00Z,Network Security Analysis and Defence,,,,,FALSE,,email,https://api.au.badgr.io/public/assertions/9KW_ULbMScu6qlepzTCmuw/image
2025-06-26T01:12:00Z,Network Security Analysis and Defence,,,,,FALSE,,email,https://api.au.badgr.io/public/assertions/g6hD_3PtQoW_cZ8Ect515w/image
2025-06-26T01:12:00Z,Network Security Analysis and Defence,,,,,FALSE,,email,https://api.au.badgr.io/public/assertions/ITgt4U3WTXelUQhFcjxRSw/image
2025-06-26T01:12:00Z,Network Security Analysis and Defence,,,,,FALSE,,email,https://api.au.badgr.io/public/assertions/56oZ2CcGTTK0fpCyBgmkUw/image
2025-06-26T01:12:00Z,Network Security Analysis and Defence,,,,,FALSE,,email,https://api.au.badgr.io/public/assertions/CUwG34guQ7OxmjiKq3iAdA/image
2025-06-26T01:12:00Z,Network Security Analysis and Defence,,,,,FALSE,,email,https://api.au.badgr.io/public/assertions/q03T1fGCSKqnb48eRZo8Hg/image
2025-06-26T01:12:00Z,Network Security Analysis and Defence,,,,,FALSE,,email,https://api.au.badgr.io/public/assertions/aZAVNUZWTVKkvYvLInB9sw/image
2025-06-26T01:12:00Z,Network Security Analysis and Defence,,,,,FALSE,,email,https://api.au.badgr.io/public/assertions/gdJUR_mTS7-FioKsbRP73w/image
2025-06-26T01:12:00Z,Network Security Analysis and Defence,,,,,FALSE,,email,https://api.au.badgr.io/public/assertions/B3rZ1aIyTsa59fslQXspag/image
2025-06-26T01:12:00Z,Network Security Analysis and Defence,,,,,FALSE,,email,https://api.au.badgr.io/public/assertions/TJ_fOjaPT9e41ZF934skpg/image
2025-06-26T01:12:00Z,Network Security Analysis and Defence,,,,,FALSE,,email,https://api.au.badgr.io/public/assertions/7xTB8VE1QfmUBDxjn0hOIQ/image
2025-06-26T01:12:00Z,Network Security Analysis and Defence,,,,,FALSE,,email,https://api.au.badgr.io/public/assertions/4-aRsSDmS1uK9l0C83mh0g/image
2025-06-26T01:12:00Z,Network Security Analysis and Defence,,,,,FALSE,,email,https://api.au.badgr.io/public/assertions/aMz63ZMtQhOE8WBQ9kHd4w/image
2025-06-26T01:12:00Z,Network Security Analysis and Defence,,,,,FALSE,,email,https://api.au.badgr.io/public/assertions/I5NEROeuTe-oKKj0nacv0Q/image
2025-06-26T01:12:00Z,Network Security Analysis and Defence,,,,,FALSE,,email,https://api.au.badgr.io/public/assertions/WGStfBvhRo6Hu3S_2Br0xw/image
2025-06-26T01:12:00Z,Network Security Analysis and Defence,,,,,FALSE,,email,https://api.au.badgr.io/public/assertions/EeJabGe7SrSnC9ysz7GjQQ/image
2025-06-26T01:12:00Z,Network Security Analysis and Defence,,,,,FALSE,,email,https://api.au.badgr.io/public/assertions/cY79TCSLTxeI4_9okSNaSw/image
2025-06-26T01:12:00Z,Network Security Analysis and Defence,,,,,FALSE,,email,https://api.au.badgr.io/public/assertions/nbx-2YFSQcacGdpgeV81eQ/image
2025-06-26T01:12:00Z,Network Security Analysis and Defence,,,,,FALSE,,email,https://api.au.badgr.io/public/assertions/I3mwsesqS5ShDQGNP_KFng/image
2025-06-26T01:12:00Z,Network Security Analysis and Defence,,,,,FALSE,,email,https://api.au.badgr.io/public/assertions/aZ5UYYX2QA2p2o_4t5yFIQ/image
2025-06-26T01:12:00Z,Network Security Analysis and Defence,,,,,FALSE,,email,https://api.au.badgr.io/public/assertions/zCRAsqUlQ36jg-eXP4X6mw/image
2025-06-26T01:12:00Z,Network Security Analysis and Defence,,,,,FALSE,,email,https://api.au.badgr.io/public/assertions/G5DKBsFnQym3yoL0mLJo3Q/image
2025-06-26T01:12:00Z,Network Security Analysis and Defence,,,,,FALSE,,email,https://api.au.badgr.io/public/assertions/w9adxXotRiesAGDe_Lz3ng/image
2025-06-26T01:12:00Z,Network Security Analysis and Defence,,,,,FALSE,,email,https://api.au.badgr.io/public/assertions/Va9iZgjjQDi73AjTkI0Vdg/image
2025-06-16T22:00:00Z,Building Resilience to Disinformation and Malign Influence,,,,,TRUE,Manually revoked by Issuer,email,https://api.au.badgr.io/public/assertions/UHH5cXmsQhmuNVBMNSM44Q/image
2025-06-15T22:00:00Z,PBS: Autism Affirming Practice,,,,,FALSE,,email,https://api.au.badgr.io/public/assertions/GlDfeA0QQ_aT4uYREeXVFw/image
2025-06-12T14:00:00Z,Understanding Treaty,STUD_175,,,,FALSE,,email,https://api.au.badgr.io/public/assertions/r0k1YAU7Sg-unFW5bYsUgw/image
2025-06-12T14:00:00Z,Understanding Treaty,STUD_201,,,,FALSE,,email,https://api.au.badgr.io/public/assertions/sPZdYtqdRdWILfybT2HN3w/image
2025-06-12T14:00:00Z,Understanding Treaty,STUD_236,,,,FALSE,,email,https://api.au.badgr.io/public/assertions/TDtyZ0kRRFCL1IY_rsMTQQ/image
2025-06-12T14:00:00Z,Understanding Treaty,STUD_334,,,,FALSE,,email,https://api.au.badgr.io/public/assertions/VqRu8tHvSKeIU_1Rmx-nbA/image
2025-06-12T14:00:00Z,Understanding Treaty,STUD_160,,,,FALSE,,email,https://api.au.badgr.io/public/assertions/1qcobKTAQoqpuUe_NVK7bg/image
2025-06-12T14:00:00Z,Understanding Treaty,STUD_219,,,,FALSE,,email,https://api.au.badgr.io/public/assertions/bRt7KkRfQGCgtXz3oXxzqg/image
2025-06-12T14:00:00Z,Understanding Treaty,STUD_220,,,,FALSE,,email,https://api.au.badgr.io/public/assertions/3N_IdymJQdaLltw6hgW3zA/image
2025-06-12T14:00:00Z,Understanding Treaty,STUD_281,,,,FALSE,,email,https://api.au.badgr.io/public/assertions/Xq1HKKDATtuSsM-JwOYLmA/image
2025-06-12T14:00:00Z,Understanding Treaty,STUD_176,,,,FALSE,,email,https://api.au.badgr.io/public/assertions/ECewVvLHR6yZCpRqBCN05w/image
2025-06-12T14:00:00Z,Understanding Treaty,STUD_091,,,,FALSE,,email,https://api.au.badgr.io/public/assertions/NrTad0DGQjOLtfu1gGzULA/image
2025-06-12T14:00:00Z,Understanding Treaty,STUD_059,,,,FALSE,,email,https://api.au.badgr.io/public/assertions/L33MId20Ram4Vn5QuQxV4w/image
2025-06-12T14:00:00Z,Understanding Treaty,STUD_315,,,,FALSE,,email,https://api.au.badgr.io/public/assertions/-cu7bJfaQECB-elhENzqkg/image
2025-06-12T14:00:00Z,Understanding Treaty,STUD_187,,,,FALSE,,email,https://api.au.badgr.io/public/assertions/bX1MmEC8Q2e3BqBrBIlm8w/image
2025-06-12T14:00:00Z,Understanding Treaty,STUD_146,,,,FALSE,,email,https://api.au.badgr.io/public/assertions/RaDi0TcZSoqvAS34ZpkMJg/image
2025-06-12T14:00:00Z,Understanding Treaty,STUD_240,,,,FALSE,,email,https://api.au.badgr.io/public/assertions/tEVMKvoaTJCtG-48lrrY-w/image
2025-06-12T14:00:00Z,Understanding Treaty,STUD_245,,,,FALSE,,email,https://api.au.badgr.io/public/assertions/NALJ_dMORiGu6W5XC4JZfw/image
2025-06-12T14:00:00Z,Understanding Treaty,STUD_302,,,,FALSE,,email,https://api.au.badgr.io/public/assertions/SVPojcDBTfKLsIpExSkUKQ/image
2025-06-12T14:00:00Z,Understanding Treaty,STUD_129,,,,FALSE,,email,https://api.au.badgr.io/public/assertions/PfI_VTJBTYu4byLuAGVaEw/image
2025-06-12T14:00:00Z,Understanding Treaty,STUD_196,,,,FALSE,,email,https://api.au.badgr.io/public/assertions/U2PlEkynR4mF7RedfAiKmg/image
2025-06-12T14:00:00Z,Understanding Treaty,STUD_243,,,,FALSE,,email,https://api.au.badgr.io/public/assertions/eC1xs8eqRlmZSulIx_Q46g/image
2025-06-12T14:00:00Z,Understanding Treaty,STUD_001,,,,FALSE,,email,https://api.au.badgr.io/public/assertions/fhwMk3ssT3WAtTSikpq8qA/image
2025-06-12T14:00:00Z,Understanding Treaty,STUD_376,,,,FALSE,,email,https://api.au.badgr.io/public/assertions/-zoAz99dSVWkaFjecr-sJQ/image
2025-06-12T14:00:00Z,Understanding Treaty,STUD_032,,,,FALSE,,email,https://api.au.badgr.io/public/assertions/D7RVIBLQSQadIK6SGLU7Iw/image
2025-06-12T14:00:00Z,Understanding Treaty,STUD_258,,,,FALSE,,email,https://api.au.badgr.io/public/assertions/CPberSiDS1Ss1o76USBdsg/image
2025-06-12T14:00:00Z,Understanding Treaty,STUD_157,,,,FALSE,,email,https://api.au.badgr.io/public/assertions/qBUDR9wwRZuR2c35kMNpsQ/image
2025-06-12T14:00:00Z,Understanding Treaty,STUD_226,,,,FALSE,,email,https://api.au.badgr.io/public/assertions/pDO5LNVkTMmWmFUtNZCMJg/image
2025-06-12T14:00:00Z,Understanding Treaty,STUD_083,,,,FALSE,,email,https://api.au.badgr.io/public/assertions/B7MaTNigSx2-JJ8sWpuupw/image
2025-06-12T14:00:00Z,Understanding Treaty,STUD_143,,,,FALSE,,email,https://api.au.badgr.io/public/assertions/NzL20ltUT6yzUwwgohEvtg/image
2025-06-12T14:00:00Z,Understanding Treaty,STUD_277,,,,FALSE,,email,https://api.au.badgr.io/public/assertions/O7WRSeEGTayNsYWIHXufEA/image
2025-06-12T14:00:00Z,Understanding Treaty,STUD_179,,,,FALSE,,email,https://api.au.badgr.io/public/assertions/Dq2Zb576SXqtf4Yvy7Jvcg/image
2025-06-12T14:00:00Z,Understanding Treaty,STUD_018,,,,FALSE,,email,https://api.au.badgr.io/public/assertions/ywyz01H7T-Gj9_lFxfbx4g/image
2025-06-12T14:00:00Z,Understanding Treaty,STUD_026,,,,FALSE,,email,https://api.au.badgr.io/public/assertions/IZebx5QPSjGJj7d9YE2SsQ/image
2025-06-12T14:00:00Z,Understanding Treaty,STUD_051,,,,FALSE,,email,https://api.au.badgr.io/public/assertions/CMFBdluFQ8yc3MJYFVsxPg/image
2025-06-12T14:00:00Z,Understanding Treaty,STUD_331,,,,FALSE,,email,https://api.au.badgr.io/public/assertions/eyX0MI93SY2JaGmY3VEILQ/image
2025-06-12T14:00:00Z,Understanding Treaty,STUD_278,,,,FALSE,,email,https://api.au.badgr.io/public/assertions/mjA3CErQRXqU8p908VW1YA/image
2025-06-12T14:00:00Z,Understanding Treaty,STUD_290,,,,FALSE,,email,https://api.au.badgr.io/public/assertions/F_UJbnnnTr2CihQ-Co0FSA/image
2025-06-12T14:00:00Z,Understanding Treaty,STUD_125,,,,FALSE,,email,https://api.au.badgr.io/public/assertions/00N6fvPlRb2hIt9_YWj_UQ/image
2025-06-12T14:00:00Z,Understanding Treaty,STUD_041,,,,FALSE,,email,https://api.au.badgr.io/public/assertions/RRUTFw3LQSOJd5mrY85W-w/image
2025-06-12T14:00:00Z,Understanding Treaty,STUD_373,,,,FALSE,,email,https://api.au.badgr.io/public/assertions/zLmLfqDsRJKNdozFbBYrGw/image
2025-06-12T14:00:00Z,Understanding Treaty,STUD_204,,,,FALSE,,email,https://api.au.badgr.io/public/assertions/xL4g-WDxSAuJCHu6Pbpn9A/image
2025-06-12T14:00:00Z,Understanding Treaty,STUD_033,,,,FALSE,,email,https://api.au.badgr.io/public/assertions/0c2zK5kzSbqWtpwzxqLHWA/image
2025-06-12T14:00:00Z,Understanding Treaty,STUD_212,,,,FALSE,,email,https://api.au.badgr.io/public/assertions/S7FK9MVwRl6C7PC7rFKGPw/image
2025-06-12T14:00:00Z,Understanding Treaty,STUD_047,,,,FALSE,,email,https://api.au.badgr.io/public/assertions/Ceg8r4HSTay-GHtdIbHduw/image
2025-06-12T14:00:00Z,Understanding Treaty,STUD_156,,,,FALSE,,email,https://api.au.badgr.io/public/assertions/2RjiDlKnQhOjYWPY0VHEKQ/image
2025-06-12T14:00:00Z,Understanding Treaty,STUD_209,,,,FALSE,,email,https://api.au.badgr.io/public/assertions/21YqTNZ7R8CKQXAFINzqvg/image
2025-06-12T14:00:00Z,Understanding Treaty,STUD_014,,,,FALSE,,email,https://api.au.badgr.io/public/assertions/eKGt1s5bQ3i01kLFobOzIg/image
2025-06-12T14:00:00Z,Understanding Treaty,STUD_222,,,,FALSE,,email,https://api.au.badgr.io/public/assertions/-dK4sSspSMav72_sKwTN8A/image
2025-06-12T14:00:00Z,Understanding Treaty,STUD_193,,,,FALSE,,email,https://api.au.badgr.io/public/assertions/Zu3M6ZuKSIqmAbsE0dkcmQ/image
2025-06-12T14:00:00Z,Understanding Treaty,STUD_065,,,,FALSE,,email,https://api.au.badgr.io/public/assertions/0VI1x588SxGH2Z-1I2ugkg/image
2025-06-12T14:00:00Z,Understanding Treaty,STUD_303,,,,FALSE,,email,https://api.au.badgr.io/public/assertions/nrjqNFU1Tuaek-huBq5lOw/image
2025-06-12T14:00:00Z,Understanding Treaty,STUD_120,,,,FALSE,,email,https://api.au.badgr.io/public/assertions/6Cbvr7vIQ96VXph-okBFWg/image
2025-06-12T14:00:00Z,Understanding Treaty,STUD_134,,,,FALSE,,email,https://api.au.badgr.io/public/assertions/B3vvbuGaR1KpI9CQ2QzNxQ/image
2025-06-12T14:00:00Z,Understanding Treaty,STUD_237,,,,FALSE,,email,https://api.au.badgr.io/public/assertions/h585iwOyQMu5nihzkLCdLg/image
2025-06-12T14:00:00Z,Understanding Treaty,STUD_055,,,,FALSE,,email,https://api.au.badgr.io/public/assertions/ykcRIJfSRpS3ybNa2vfwTQ/image
2025-06-12T14:00:00Z,Understanding Treaty,STUD_184,,,,FALSE,,email,https://api.au.badgr.io/public/assertions/CX3lETyyQPqyHqBRrxr4-Q/image
2025-06-12T14:00:00Z,Understanding Treaty,STUD_273,,,,FALSE,,email,https://api.au.badgr.io/public/assertions/SJFsyAUHQCGPfWnmSWXM_Q/image
2025-06-12T14:00:00Z,Understanding Treaty,STUD_194,,,,FALSE,,email,https://api.au.badgr.io/public/assertions/lAYXohsLRZOaXEvWQtloKQ/image
2025-06-12T14:00:00Z,Understanding Treaty,STUD_102,,,,FALSE,,email,https://api.au.badgr.io/public/assertions/csIBkqdqQzGarbzukkdGXg/image
2025-06-12T14:00:00Z,Understanding Treaty,STUD_021,,,,FALSE,,email,https://api.au.badgr.io/public/assertions/f0af7heLR-yHj2YGdcKZHQ/image
2025-06-12T14:00:00Z,Understanding Treaty,STUD_210,,,,FALSE,,email,https://api.au.badgr.io/public/assertions/LDp_ZMvPSLOHjVTWza1HMw/image
2025-06-12T14:00:00Z,Understanding Treaty,STUD_110,,,,FALSE,,email,https://api.au.badgr.io/public/assertions/vBjg2tpTTECClYWBXoVkmQ/image
2025-06-12T14:00:00Z,Understanding Treaty,STUD_354,,,,FALSE,,email,https://api.au.badgr.io/public/assertions/xsg9Z9lsSHGI8SFBugLBWg/image
2025-06-12T14:00:00Z,Understanding Treaty,STUD_038,,,,FALSE,,email,https://api.au.badgr.io/public/assertions/CJFu92RxQk-7ST5PZjxYlw/image
2025-06-12T14:00:00Z,Understanding Treaty,STUD_264,,,,FALSE,,email,https://api.au.badgr.io/public/assertions/noFJoRwvRcu7l4yimrP7Fg/image
2025-06-12T14:00:00Z,Understanding Treaty,STUD_007,,,,FALSE,,email,https://api.au.badgr.io/public/assertions/z81YPliwS6ai_rEjRtYvjQ/image
2025-06-12T14:00:00Z,Understanding Treaty,STUD_039,,,,FALSE,,email,https://api.au.badgr.io/public/assertions/K8gjdzALSIqisYtZbdyJ2g/image
2025-06-12T14:00:00Z,Understanding Treaty,STUD_057,,,,FALSE,,email,https://api.au.badgr.io/public/assertions/mQpOV1ciRzqSUrHlkw-eRQ/image
2025-06-12T14:00:00Z,Understanding Treaty,STUD_075,,,,FALSE,,email,https://api.au.badgr.io/public/assertions/9gxXomSSQwmd1MGFVYXluQ/image
2025-06-12T14:00:00Z,Understanding Treaty,STUD_056,,,,FALSE,,email,https://api.au.badgr.io/public/assertions/lh_ceSN0QOOOCJ01sayOAQ/image
2025-06-12T14:00:00Z,Understanding Treaty,STUD_385,,,,FALSE,,email,https://api.au.badgr.io/public/assertions/YtqlrjZPSzmE78YdrBmDkQ/image
2025-06-12T14:00:00Z,Understanding Treaty,STUD_305,,,,FALSE,,email,https://api.au.badgr.io/public/assertions/zBlnNrh7SkCmBW01C9r74g/image
2025-06-12T14:00:00Z,Understanding Treaty,STUD_203,,,,FALSE,,email,https://api.au.badgr.io/public/assertions/YnhHpnJ8QOSyso0VNEav5Q/image
2025-06-12T14:00:00Z,Understanding Treaty,STUD_069,,,,FALSE,,email,https://api.au.badgr.io/public/assertions/R2mnyfEvSe2gYDP4M-4bqQ/image
2025-06-12T14:00:00Z,Understanding Treaty,STUD_285,,,,FALSE,,email,https://api.au.badgr.io/public/assertions/ItZH54UYSR-KxkjG7q78Mg/image
2025-06-12T14:00:00Z,Understanding Treaty,STUD_133,,,,FALSE,,email,https://api.au.badgr.io/public/assertions/ys16mYZoQCCNoyR8E8_TYw/image
2025-06-12T14:00:00Z,Understanding Treaty,STUD_299,,,,FALSE,,email,https://api.au.badgr.io/public/assertions/08jYW8XLTnO44iMhUteJWA/image
2025-06-12T14:00:00Z,Understanding Treaty,STUD_271,,,,FALSE,,email,https://api.au.badgr.io/public/assertions/RGiBQs1zQP-GIJ1FOQjpQw/image
2025-06-12T14:00:00Z,Understanding Treaty,STUD_025,,,,FALSE,,email,https://api.au.badgr.io/public/assertions/3BnXYwc3S_-IzUd9OEAq4w/image
2025-06-12T14:00:00Z,Understanding Treaty,STUD_135,,,,FALSE,,email,https://api.au.badgr.io/public/assertions/96CXPTL8QfiG4t_YyXM7LA/image
2025-06-12T14:00:00Z,Understanding Treaty,STUD_167,,,,FALSE,,email,https://api.au.badgr.io/public/assertions/KcQVtGUPQTaKFHmMrwUpvQ/image
2025-06-12T14:00:00Z,Understanding Treaty,STUD_268,,,,FALSE,,email,https://api.au.badgr.io/public/assertions/Njbu4JXfRBWeX49fRmPzEA/image
2025-06-12T14:00:00Z,Understanding Treaty,STUD_336,,,,FALSE,,email,https://api.au.badgr.io/public/assertions/ZaIyjGcYTluZ_gqhkSQIwQ/image
2025-06-12T14:00:00Z,Understanding Treaty,STUD_358,,,,FALSE,,email,https://api.au.badgr.io/public/assertions/Wd39PdivRMK0OrQpHOLAew/image
2025-06-12T14:00:00Z,Understanding Treaty,STUD_100,,,,FALSE,,email,https://api.au.badgr.io/public/assertions/9aK-9MHWQA2DskUz2jcbqA/image
2025-06-12T14:00:00Z,Understanding Treaty,STUD_342,,,,FALSE,,email,https://api.au.badgr.io/public/assertions/V-C4-87HSpOVBkU3gMGnnA/image
2025-06-12T14:00:00Z,Understanding Treaty,STUD_080,,,,FALSE,,email,https://api.au.badgr.io/public/assertions/DnHuuWFvRxy1ieYhyBNivA/image
2025-06-12T14:00:00Z,Understanding Treaty,STUD_218,,,,FALSE,,email,https://api.au.badgr.io/public/assertions/hcU8w2HQRFm1FejmWOZiDQ/image
2025-06-12T14:00:00Z,Understanding Treaty,STUD_229,,,,FALSE,,email,https://api.au.badgr.io/public/assertions/J0ytH39qROipvV0vc9uveQ/image
2025-06-12T14:00:00Z,Understanding Treaty,STUD_042,,,,FALSE,,email,https://api.au.badgr.io/public/assertions/qzxsnyo-SaO9S-jg6eNmNg/image
2025-06-12T14:00:00Z,Understanding Treaty,STUD_283,,,,FALSE,,email,https://api.au.badgr.io/public/assertions/wmYX9BySRZa9Yjwx_EOkwA/image
2025-06-12T14:00:00Z,Understanding Treaty,STUD_074,,,,FALSE,,email,https://api.au.badgr.io/public/assertions/EdXAyGTXQe6Q0pOSu8NGBg/image
2025-06-12T14:00:00Z,Understanding Treaty,STUD_309,,,,FALSE,,email,https://api.au.badgr.io/public/assertions/BkZBBoIEQyKxaxos7Gp5Yw/image
2025-06-12T14:00:00Z,Understanding Treaty,STUD_233,,,,FALSE,,email,https://api.au.badgr.io/public/assertions/jrsm8MyNToy55itzrpQ-9w/image
2025-06-12T14:00:00Z,Understanding Treaty,STUD_111,,,,FALSE,,email,https://api.au.badgr.io/public/assertions/qsI3uVIxSdiSnjM5S_E-gg/image
2025-06-12T14:00:00Z,Understanding Treaty,STUD_263,,,,FALSE,,email,https://api.au.badgr.io/public/assertions/GUmhoYJhR7Sbo3iZRGPO1g/image
2025-06-12T14:00:00Z,Understanding Treaty,STUD_116,,,,FALSE,,email,https://api.au.badgr.io/public/assertions/daJRKtIYSh-8qDqzUuzEuw/image
2025-06-12T14:00:00Z,Understanding Treaty,STUD_282,,,,FALSE,,email,https://api.au.badgr.io/public/assertions/S600CxOTTtqSw-KN9ksmlg/image
2025-06-12T14:00:00Z,Understanding Treaty,STUD_137,,,,FALSE,,email,https://api.au.badgr.io/public/assertions/aN1MFwQIRz-1NE8Yn4_0Yw/image
2025-06-12T14:00:00Z,Understanding Treaty,STUD_377,,,,FALSE,,email,https://api.au.badgr.io/public/assertions/KrzgFUBmQeixCkL2duN2Jw/image
2025-06-12T14:00:00Z,Understanding Treaty,STUD_322,,,,FALSE,,email,https://api.au.badgr.io/public/assertions/Nz42QEhVQhqwnS3AdvQReQ/image
2025-06-12T14:00:00Z,Understanding Treaty,STUD_352,,,,FALSE,,email,https://api.au.badgr.io/public/assertions/YmACLzPDQdaq74qmi_AFag/image
2025-06-12T14:00:00Z,Understanding Treaty,STUD_308,,,,FALSE,,email,https://api.au.badgr.io/public/assertions/8rWl7jKkT5GuCMwRYQaqOQ/image
2025-06-12T14:00:00Z,Understanding Treaty,STUD_188,,,,FALSE,,email,https://api.au.badgr.io/public/assertions/xIHl4zIgT_2RMKlIGqnSgA/image
2025-06-12T14:00:00Z,Understanding Treaty,STUD_286,,,,FALSE,,email,https://api.au.badgr.io/public/assertions/uxPhZPMMR7isZDRDp-zQ2A/image
2025-06-12T14:00:00Z,Understanding Treaty,STUD_189,,,,FALSE,,email,https://api.au.badgr.io/public/assertions/HskTiompTK2vnQw7MJYSXA/image
2025-06-12T14:00:00Z,Understanding Treaty,STUD_306,,,,FALSE,,email,https://api.au.badgr.io/public/assertions/OlsZDEeJSSOS2PSRiGNr1g/image
2025-06-12T14:00:00Z,Understanding Treaty,STUD_126,,,,FALSE,,email,https://api.au.badgr.io/public/assertions/RZO9udtEQ76oROdC_xn0Fw/image
2025-06-12T14:00:00Z,Understanding Treaty,STUD_166,,,,FALSE,,email,https://api.au.badgr.io/public/assertions/9RSGJAgvTYuKymEr6L5zLA/image
2025-06-12T14:00:00Z,Understanding Treaty,STUD_085,,,,FALSE,,email,https://api.au.badgr.io/public/assertions/lRE07P0hQw-gYs_08kAzeQ/image
2025-06-12T14:00:00Z,Understanding Treaty,STUD_053,,,,FALSE,,email,https://api.au.badgr.io/public/assertions/aXsTbt1LTUiSz9zNlwKB2Q/image
2025-06-12T14:00:00Z,Understanding Treaty,STUD_379,,,,FALSE,,email,https://api.au.badgr.io/public/assertions/oWsZfgSBTsSs2qsfSsriSg/image
2025-06-12T14:00:00Z,Understanding Treaty,STUD_082,,,,FALSE,,email,https://api.au.badgr.io/public/assertions/1t6f05ccTQOkA0_ZaXqUWg/image
2025-06-12T14:00:00Z,Understanding Treaty,STUD_317,,,,FALSE,,email,https://api.au.badgr.io/public/assertions/PaBeLCnmQhyn82VCuecOiA/image
2025-05-26T22:00:00Z,Microbial Genomics: Bioinformatic Analysis Basics,,,,,FALSE,,email,https://api.au.badgr.io/public/assertions/S8R6lAblQdaxNhg1AZUVKA/image
2025-05-26T22:00:00Z,Microbial Genomics: Bioinformatic Analysis Basics,,,,,FALSE,,email,https://api.au.badgr.io/public/assertions/h6fIJr7aT_avqcQ0WTEghw/image
2025-05-26T22:00:00Z,Microbial Genomics: Bioinformatic Analysis Basics,,,,,FALSE,,email,https://api.au.badgr.io/public/assertions/0DPFxHWRTIiU0tUWcD6ciw/image
2025-05-26T14:00:00Z,PBS: Autism Affirming Practice,STUD_272,,,,TRUE,Manually revoked by Issuer,email,https://api.au.badgr.io/public/assertions/kE9WheybTWqTnUQmUigGxA/image
2025-05-26T14:00:00Z,PBS: Autism Affirming Practice,STUD_151,,,,TRUE,Manually revoked by Issuer,email,https://api.au.badgr.io/public/assertions/dTi_EXWtRpi4uPJWSwXFZQ/image
2025-05-26T14:00:00Z,PBS: Autism Affirming Practice,STUD_266,,,,TRUE,Manually revoked by Issuer,email,https://api.au.badgr.io/public/assertions/xhQqQBEBROe96SyDUtjkMw/image
2025-05-26T14:00:00Z,PBS: Autism Affirming Practice,STUD_363,,,,TRUE,Manually revoked by Issuer,email,https://api.au.badgr.io/public/assertions/i2canLRJQuq3GdQ0hgY5kw/image
2025-05-26T14:00:00Z,PBS: Autism Affirming Practice,STUD_242,,,,TRUE,Manually revoked by Issuer,email,https://api.au.badgr.io/public/assertions/x_QdZA3TRL2NyR2--RitwA/image
2025-05-26T14:00:00Z,PBS: Autism Affirming Practice,STUD_374,,,,TRUE,Manually revoked by Issuer,email,https://api.au.badgr.io/public/assertions/8LSyiaXPQ-OM4CBgq35PXw/image
2025-05-26T14:00:00Z,PBS: Autism Affirming Practice,STUD_330,,,,TRUE,Manually revoked by Issuer,email,https://api.au.badgr.io/public/assertions/PU5A3-XcRI6UA5dCOrjEgQ/image
2025-05-26T14:00:00Z,PBS: Autism Affirming Practice,STUD_079,,,,TRUE,Manually revoked by Issuer,email,https://api.au.badgr.io/public/assertions/vCOnr41LSiK441dzZsx8rw/image
2025-05-26T14:00:00Z,PBS: Autism Affirming Practice,STUD_076,,,,TRUE,Manually revoked by Issuer,email,https://api.au.badgr.io/public/assertions/xZZmDAQzQTCv0WohUo58aA/image
2025-05-26T14:00:00Z,PBS: Autism Affirming Practice,STUD_382,,,,TRUE,Manually revoked by Issuer,email,https://api.au.badgr.io/public/assertions/6bnnlAisQDa7Vtqe4P1Uog/image
2025-05-26T14:00:00Z,PBS: Autism Affirming Practice,STUD_090,,,,TRUE,Manually revoked by Issuer,email,https://api.au.badgr.io/public/assertions/9vYLWxkaS3m3_zzWCBKJIg/image
2025-05-26T14:00:00Z,PBS: Autism Affirming Practice,STUD_161,,,,TRUE,Manually revoked by Issuer,email,https://api.au.badgr.io/public/assertions/xNmrBO1ERPCyFduQ0P8WDA/image
2025-05-26T14:00:00Z,PBS: Autism Affirming Practice,STUD_269,,,,TRUE,Manually revoked by Issuer,email,https://api.au.badgr.io/public/assertions/eAbrrvpNRPG69G9CULuu8Q/image
2025-05-26T14:00:00Z,PBS: Autism Affirming Practice,STUD_182,,,,TRUE,Manually revoked by Issuer,email,https://api.au.badgr.io/public/assertions/KnJy0k1hR9Sv4e355v6GVg/image
2025-05-26T14:00:00Z,PBS: Autism Affirming Practice,STUD_205,,,,TRUE,Manually revoked by Issuer,email,https://api.au.badgr.io/public/assertions/685q98sdT_y9XoeQQvNI5w/image
2025-05-26T14:00:00Z,PBS: Autism Affirming Practice,STUD_312,,,,TRUE,Manually revoked by Issuer,email,https://api.au.badgr.io/public/assertions/ENel3shNT8SxKjxtMP_-Ig/image
2025-05-26T14:00:00Z,PBS: Autism Affirming Practice,STUD_118,,,,TRUE,Manually revoked by Issuer,email,https://api.au.badgr.io/public/assertions/u5qJ3XeJQOyuwG2cytQ1Ng/image
2025-05-26T14:00:00Z,PBS: Autism Affirming Practice,STUD_288,,,,TRUE,Manually revoked by Issuer,email,https://api.au.badgr.io/public/assertions/6mEhBMBvRPyndOCj_LAaMw/image
2025-05-26T14:00:00Z,PBS: Autism Affirming Practice,STUD_061,,,,TRUE,Manually revoked by Issuer,email,https://api.au.badgr.io/public/assertions/iYL6WNr-Sz-qHLzdgQBp_w/image
2025-05-26T14:00:00Z,PBS: Autism Affirming Practice,STUD_034,,,,TRUE,Manually revoked by Issuer,email,https://api.au.badgr.io/public/assertions/orVP_mx2Qw6NKGXeCieDfQ/image
2025-05-26T14:00:00Z,PBS: Autism Affirming Practice,STUD_190,,,,TRUE,Manually revoked by Issuer,email,https://api.au.badgr.io/public/assertions/JMDQPyOvSI2y2SWMQi0BWQ/image
2025-05-26T14:00:00Z,PBS: Autism Affirming Practice,STUD_295,,,,TRUE,Manually revoked by Issuer,email,https://api.au.badgr.io/public/assertions/0Q8qsAFjQP2N9dJKzGA6bw/image
2025-05-26T14:00:00Z,PBS: Autism Affirming Practice,STUD_162,,,,TRUE,Manually revoked by Issuer,email,https://api.au.badgr.io/public/assertions/L7FYZ6DoS0eruudr3TjTjg/image
2025-05-26T14:00:00Z,PBS: Autism Affirming Practice,STUD_072,,,,TRUE,Manually revoked by Issuer,email,https://api.au.badgr.io/public/assertions/Rvl-k3ROTuS3-TnL8YLUcw/image
2025-05-26T14:00:00Z,PBS: Autism Affirming Practice,STUD_092,,,,TRUE,Manually revoked by Issuer,email,https://api.au.badgr.io/public/assertions/9tzGck0dTV2jXldaS9ullA/image
2025-05-26T00:56:46Z,PBS: Autism Affirming Practice,STUD_079,,,,FALSE,,email,https://api.au.badgr.io/public/assertions/WIdnNdjyQEmlp9p-6xFEJg/image
2025-05-26T00:56:46Z,PBS: Autism Affirming Practice,STUD_269,,,,FALSE,,email,https://api.au.badgr.io/public/assertions/NvdXA-t0QJaf62WuQe6-hA/image
2025-05-26T00:56:46Z,PBS: Autism Affirming Practice,STUD_266,,,,FALSE,,email,https://api.au.badgr.io/public/assertions/0Z1JfVaPQt2RXoNEPFcu3g/image
2025-05-26T00:56:46Z,PBS: Autism Affirming Practice,STUD_061,,,,FALSE,,email,https://api.au.badgr.io/public/assertions/6_JpWYI_ThK1lDzKy5MUzQ/image
2025-05-26T00:56:46Z,PBS: Autism Affirming Practice,STUD_382,,,,FALSE,,email,https://api.au.badgr.io/public/assertions/qKEkPNBeQzm3sj5UX0KgKg/image
2025-05-26T00:56:46Z,PBS: Autism Affirming Practice,STUD_092,,,,FALSE,,email,https://api.au.badgr.io/public/assertions/U4Z_f_jeSeiW1kQjZcKIbQ/image
2025-05-26T00:56:46Z,PBS: Autism Affirming Practice,STUD_076,,,,FALSE,,email,https://api.au.badgr.io/public/assertions/9WxoMFb3TYmAPJx72S87KA/image
2025-05-26T00:56:46Z,PBS: Autism Affirming Practice,STUD_118,,,,FALSE,,email,https://api.au.badgr.io/public/assertions/wtNo2lesRVKbap9aKZCSyg/image
2025-05-26T00:56:46Z,PBS: Autism Affirming Practice,STUD_161,,,,FALSE,,email,https://api.au.badgr.io/public/assertions/td6UBwc0TP2CbZK4O4YIKA/image
2025-05-26T00:56:46Z,PBS: Autism Affirming Practice,STUD_288,,,,FALSE,,email,https://api.au.badgr.io/public/assertions/dsC05mgqQF6YNqpiKwjovA/image
2025-05-26T00:56:46Z,PBS: Autism Affirming Practice,STUD_363,,,,FALSE,,email,https://api.au.badgr.io/public/assertions/iEDNsSqLRAeTeA0C9qn-Aw/image
2025-05-26T00:56:46Z,PBS: Autism Affirming Practice,STUD_346,,,,FALSE,,email,https://api.au.badgr.io/public/assertions/Y-xR6ZhERiiGpUltM1BuPQ/image
2025-05-26T00:56:46Z,PBS: Autism Affirming Practice,STUD_295,,,,FALSE,,email,https://api.au.badgr.io/public/assertions/BLTPgGrIQvWEXeC6kqK5Jw/image
2025-05-26T00:56:46Z,PBS: Autism Affirming Practice,STUD_330,,,,FALSE,,email,https://api.au.badgr.io/public/assertions/ohpHE6I-Sqi5igNR17TA1w/image
2025-05-26T00:56:46Z,PBS: Autism Affirming Practice,STUD_223,,,,FALSE,,email,https://api.au.badgr.io/public/assertions/rRqHmkRsTpO-4x7uS3OZkg/image
2025-05-26T00:56:46Z,PBS: Autism Affirming Practice,STUD_242,,,,FALSE,,email,https://api.au.badgr.io/public/assertions/zpBU5io5SJuLA8w2k1Xq0Q/image
2025-05-26T00:56:46Z,PBS: Autism Affirming Practice,STUD_162,,,,FALSE,,email,https://api.au.badgr.io/public/assertions/AobKU4KoRcyvlhP0vxC-Kg/image
2025-05-26T00:56:46Z,PBS: Autism Affirming Practice,STUD_034,,,,FALSE,,email,https://api.au.badgr.io/public/assertions/JoZNSBSDTDS34RW9xSyiXQ/image
2025-05-26T00:56:46Z,PBS: Autism Affirming Practice,STUD_090,,,,FALSE,,email,https://api.au.badgr.io/public/assertions/W64R6U8wQqSKiu0ctmNeQQ/image
2025-05-26T00:56:46Z,PBS: Autism Affirming Practice,STUD_182,,,,FALSE,,email,https://api.au.badgr.io/public/assertions/bVeVk0JnT9utoRPyvHOLmQ/image
2025-05-26T00:56:46Z,PBS: Autism Affirming Practice,STUD_374,,,,FALSE,,email,https://api.au.badgr.io/public/assertions/jkn_FGWLSpqLNBAfa8hakw/image
2025-05-26T00:56:46Z,PBS: Autism Affirming Practice,STUD_383,,,,FALSE,,email,https://api.au.badgr.io/public/assertions/h2AFporPSwagPIFukIUCDA/image
2025-05-26T00:56:46Z,PBS: Autism Affirming Practice,STUD_205,,,,FALSE,,email,https://api.au.badgr.io/public/assertions/pOJnBMgKSlydw389ajS5kw/image
2025-05-26T00:56:46Z,PBS: Autism Affirming Practice,STUD_052,,,,FALSE,,email,https://api.au.badgr.io/public/assertions/yg7_N-TNR9-yIH06z5Ey_A/image
2025-05-26T00:56:46Z,PBS: Autism Affirming Practice,STUD_190,,,,FALSE,,email,https://api.au.badgr.io/public/assertions/ED2Xm4LmTf2uoRVLEEGpew/image
2025-05-26T00:56:46Z,PBS: Autism Affirming Practice,STUD_151,,,,FALSE,,email,https://api.au.badgr.io/public/assertions/O_fwhbRASrCZo90H4cuWrw/image
2025-05-26T00:56:46Z,PBS: Autism Affirming Practice,STUD_072,,,,FALSE,,email,https://api.au.badgr.io/public/assertions/DKXtQ_HjRkSCTnF-OSwRcQ/image
2025-05-26T00:56:46Z,PBS: Autism Affirming Practice,STUD_312,,,,FALSE,,email,https://api.au.badgr.io/public/assertions/FmdpOcyOR7GIVLo09dV7iA/image
2025-05-26T00:56:00Z,PBS: Autism Affirming Practice,STUD_272,,,,FALSE,,email,https://api.au.badgr.io/public/assertions/oBiuP6o4ToO5W9QXzSxCbg/image
2025-05-25T22:00:00Z,Foundations of AI in Healthcare,,,,,FALSE,,email,https://api.au.badgr.io/public/assertions/AGnnIxWtQECHNTmx4F6CYQ/image
2025-05-21T22:00:00Z,Learning in Innovative Spaces,,,,,FALSE,,email,https://api.au.badgr.io/public/assertions/_DzppXVIRDiXr3xPxWmCrA/image
2025-05-21T14:00:00Z,Learning in Innovative Spaces,,,,,FALSE,,email,https://api.au.badgr.io/public/assertions/FbehAsNoSpCIlqC00tAnqQ/image
2025-05-21T14:00:00Z,Learning in Innovative Spaces,,,,,FALSE,,email,https://api.au.badgr.io/public/assertions/inbn_f2nRGSxxbaXOokOuQ/image
2025-05-21T14:00:00Z,Learning in Innovative Spaces,,,,,FALSE,,email,https://api.au.badgr.io/public/assertions/QkB1UATRSBG8sbnWBXSw0g/image
2025-05-21T14:00:00Z,Learning in Innovative Spaces,,,,,FALSE,,email,https://api.au.badgr.io/public/assertions/GkZnsht8TgOBPY479rzD8A/image
2025-05-21T14:00:00Z,Learning in Innovative Spaces,,,,,FALSE,,email,https://api.au.badgr.io/public/assertions/T8l2EGO5RUuFSHaYVNHN6w/image
2025-05-21T14:00:00Z,Learning in Innovative Spaces,,,,,FALSE,,email,https://api.au.badgr.io/public/assertions/bUxq1It8QxW8dDxy6IaiEQ/image
2025-05-21T14:00:00Z,Learning in Innovative Spaces,,,,,FALSE,,email,https://api.au.badgr.io/public/assertions/-EVSOjwGQl-u4WIXe3Tebw/image
2025-05-21T14:00:00Z,Learning in Innovative Spaces,,,,,FALSE,,email,https://api.au.badgr.io/public/assertions/ze813n7NQPaN4szJRniVyQ/image
2025-05-21T14:00:00Z,Learning in Innovative Spaces,,,,,FALSE,,email,https://api.au.badgr.io/public/assertions/CJZl-BoJQd6ApndHkWxnMw/image
2025-05-21T14:00:00Z,Learning in Innovative Spaces,,,,,FALSE,,email,https://api.au.badgr.io/public/assertions/yZuweqjaSZ28see0ef4nGw/image
2025-05-21T14:00:00Z,Learning in Innovative Spaces,,,,,FALSE,,email,https://api.au.badgr.io/public/assertions/A98VpXnzQfasm6e14A4U0w/image
2025-05-21T14:00:00Z,Learning in Innovative Spaces,,,,,TRUE,Manually revoked by Issuer,email,https://api.au.badgr.io/public/assertions/CFZFEi60SK-q2dvGyuFfhA/image
2025-05-21T14:00:00Z,Learning in Innovative Spaces,,,,,FALSE,,email,https://api.au.badgr.io/public/assertions/wp3FqzvCSLSHdswvQ6aycg/image
2025-05-21T14:00:00Z,Learning in Innovative Spaces,,,,,FALSE,,email,https://api.au.badgr.io/public/assertions/hxAiY94qTdW8Sff1WhTkBQ/image
2025-05-21T14:00:00Z,Learning in Innovative Spaces,,,,,FALSE,,email,https://api.au.badgr.io/public/assertions/s-JVSmsKTLq_vlCSgP2cPg/image
2025-05-21T14:00:00Z,Learning in Innovative Spaces,,,,,FALSE,,email,https://api.au.badgr.io/public/assertions/Trl4TpgLQsS344bL2BEjNA/image
2025-05-21T14:00:00Z,Learning in Innovative Spaces,,,,,FALSE,,email,https://api.au.badgr.io/public/assertions/TLoNOst-SuGb7V2qI8gdaw/image
2025-05-21T14:00:00Z,Learning in Innovative Spaces,,,,,FALSE,,email,https://api.au.badgr.io/public/assertions/abtq_0mBTL-mtc_a9NJz7A/image
2025-05-21T14:00:00Z,Learning in Innovative Spaces,,,,,FALSE,,email,https://api.au.badgr.io/public/assertions/_EwPJITJQWKyB8pEsom-qQ/image
2025-05-21T14:00:00Z,Learning in Innovative Spaces,,,,,FALSE,,email,https://api.au.badgr.io/public/assertions/fB7ut1WlTW2e7dRz1k0waw/image
2025-05-21T14:00:00Z,Learning in Innovative Spaces,,,,,FALSE,,email,https://api.au.badgr.io/public/assertions/bZLY6T7BTei1OSwhaLQiPQ/image
2025-05-21T14:00:00Z,Learning in Innovative Spaces,,,,,FALSE,,email,https://api.au.badgr.io/public/assertions/2YVs_ZymTc-OtH9j51N3Ag/image
2025-05-19T22:00:00Z,Foundations of AI in Healthcare,,,,,FALSE,,email,https://api.au.badgr.io/public/assertions/kQNcCgxMTrimRLz-ipgO1w/image
2025-05-19T22:00:00Z,Foundations of AI in Healthcare,,,,,FALSE,,email,https://api.au.badgr.io/public/assertions/1F36CakWQ9erBJQx13_a_g/image
2025-05-19T14:00:00Z,Foundations of AI in Healthcare,,,,,FALSE,,email,https://api.au.badgr.io/public/assertions/o1Hr0mjOTEKbVGkCa2HLeQ/image
2025-05-19T14:00:00Z,Foundations of AI in Healthcare,,,,,FALSE,,email,https://api.au.badgr.io/public/assertions/-WkFKWRqRO6tUs39rLB-FQ/image
2025-05-19T14:00:00Z,Foundations of AI in Healthcare,,,,,FALSE,,email,https://api.au.badgr.io/public/assertions/r_nzeSAqQ6-ry1jHHHn7xQ/image
2025-05-19T14:00:00Z,Foundations of AI in Healthcare,,,,,FALSE,,email,https://api.au.badgr.io/public/assertions/9FRqnDKDRl6OFF6G7d348w/image
2025-05-19T14:00:00Z,Foundations of AI in Healthcare,,,,,FALSE,,email,https://api.au.badgr.io/public/assertions/K4fLtRKTRouSEV-2zyTaGQ/image
2025-05-19T14:00:00Z,Foundations of AI in Healthcare,,,,,FALSE,,email,https://api.au.badgr.io/public/assertions/N9bzXj5zRhqUNWv8PE1DHg/image
2025-05-19T14:00:00Z,Foundations of AI in Healthcare,,,,,FALSE,,email,https://api.au.badgr.io/public/assertions/Z8376kE3Sme75KBeKsBQhg/image
2025-05-19T14:00:00Z,Foundations of AI in Healthcare,,,,,FALSE,,email,https://api.au.badgr.io/public/assertions/oGFDN3MnRJ-Lw-DaKDNIJQ/image
2025-05-19T14:00:00Z,Foundations of AI in Healthcare,,,,,FALSE,,email,https://api.au.badgr.io/public/assertions/hAy_DFmWQL-FxFDzJDGXuw/image
2025-05-19T14:00:00Z,Foundations of AI in Healthcare,,,,,FALSE,,email,https://api.au.badgr.io/public/assertions/l3ULtDvZQeyGuLGsuQl8UA/image
2025-05-19T14:00:00Z,Foundations of AI in Healthcare,,,,,FALSE,,email,https://api.au.badgr.io/public/assertions/h6j3cQjNR0m2oXqY4W1HRg/image
2025-05-19T14:00:00Z,Foundations of AI in Healthcare,,,,,FALSE,,email,https://api.au.badgr.io/public/assertions/A2P8wmKHRo62zLMMF36yqw/image
2025-05-19T14:00:00Z,Foundations of AI in Healthcare,,,,,FALSE,,email,https://api.au.badgr.io/public/assertions/YF1OJoH8Q1O1d7Lad_-QGA/image
2025-05-19T14:00:00Z,Foundations of AI in Healthcare,,,,,FALSE,,email,https://api.au.badgr.io/public/assertions/uHEYFSHySWiyvrcLzyu1Ug/image
2025-05-19T14:00:00Z,Foundations of AI in Healthcare,,,,,FALSE,,email,https://api.au.badgr.io/public/assertions/2_PMb2teTgi57t7U0lctHA/image
2025-05-19T14:00:00Z,Foundations of AI in Healthcare,,,,,FALSE,,email,https://api.au.badgr.io/public/assertions/lyMzRJ5QTTmBAV26ji7X8Q/image
2025-05-19T14:00:00Z,Foundations of AI in Healthcare,,,,,FALSE,,email,https://api.au.badgr.io/public/assertions/wz5AFPfmTNC0K0QMtLDvYA/image
2025-05-19T14:00:00Z,Foundations of AI in Healthcare,,,,,FALSE,,email,https://api.au.badgr.io/public/assertions/haCSI9xsRSyKxRtFWKTUWQ/image
2025-05-19T14:00:00Z,Foundations of AI in Healthcare,,,,,FALSE,,email,https://api.au.badgr.io/public/assertions/9_AufPtJR2GlLmC_vlqdAg/image
2025-05-19T14:00:00Z,Foundations of AI in Healthcare,,,,,FALSE,,email,https://api.au.badgr.io/public/assertions/ssXPxAUvTLulpMm2sb_0cQ/image
2025-05-19T14:00:00Z,Foundations of AI in Healthcare,,,,,FALSE,,email,https://api.au.badgr.io/public/assertions/JRGEe_GsTte4yRpivV91VQ/image
2025-05-19T14:00:00Z,Foundations of AI in Healthcare,,,,,FALSE,,email,https://api.au.badgr.io/public/assertions/IGdbIoW8Sl6flLlYwVOXiQ/image
2025-05-19T14:00:00Z,Foundations of AI in Healthcare,,,,,TRUE,Manually revoked by Issuer,email,https://api.au.badgr.io/public/assertions/QK1nc_d5QOeYPkDMCzLcfg/image
2025-05-19T14:00:00Z,Foundations of AI in Healthcare,,,,,FALSE,,email,https://api.au.badgr.io/public/assertions/Hjgq_s4WT6O1tIQSEWm_xA/image
2025-05-19T14:00:00Z,Foundations of AI in Healthcare,,,,,TRUE,Manually revoked by Issuer,email,https://api.au.badgr.io/public/assertions/j1xnS7Z7Q1CCnDoi7I_n2w/image
2025-05-19T14:00:00Z,Foundations of AI in Healthcare,,,,,FALSE,,email,https://api.au.badgr.io/public/assertions/oOCJu6BESqO3tbabN-krJQ/image
2025-05-19T14:00:00Z,Foundations of AI in Healthcare,,,,,FALSE,,email,https://api.au.badgr.io/public/assertions/F1-HYcIZT5WLLXG8og290Q/image
2025-05-19T14:00:00Z,Foundations of AI in Healthcare,,,,,FALSE,,email,https://api.au.badgr.io/public/assertions/mIu_BcDdST-Ki_RnLbhYcQ/image
2025-05-19T14:00:00Z,Foundations of AI in Healthcare,,,,,FALSE,,email,https://api.au.badgr.io/public/assertions/ii28DaA-RtiRYyeEptn1qw/image
2025-05-19T14:00:00Z,Foundations of AI in Healthcare,,,,,FALSE,,email,https://api.au.badgr.io/public/assertions/7Gmy2ZsWQpeJHpydsHTghg/image
2025-05-19T14:00:00Z,Foundations of AI in Healthcare,,,,,FALSE,,email,https://api.au.badgr.io/public/assertions/dnrJkEDnQFK7frbdArUbtA/image
2025-05-19T14:00:00Z,Foundations of AI in Healthcare,,,,,FALSE,,email,https://api.au.badgr.io/public/assertions/zW2O4wYpTwuKGe58twWMSA/image
2025-05-15T22:00:00Z,Assessment of Bushfire Exposure,,,2035-05-16T07:00:00Z,,FALSE,,email,https://api.au.badgr.io/public/assertions/lh6CNFmsQBa8qFmiUaAEzg/image
2025-05-15T22:00:00Z,"Stolen Generations, Truth-Telling and Treaty",,,,,FALSE,,email,https://api.au.badgr.io/public/assertions/S02BoFFuSw2sjJibHdVjww/image
2025-05-15T22:00:00Z,Understanding Treaty,,,,,FALSE,,email,https://api.au.badgr.io/public/assertions/zqCjf3PWRT-Vz2CpQXZzFw/image
2025-05-14T22:00:00Z,Effective Leadership Communication,,,,,FALSE,,email,https://api.au.badgr.io/public/assertions/21oxZGV-QL-hDAIz4SGj5w/image
2025-05-14T22:00:00Z,Effective Leadership Communication,,,,,FALSE,,email,https://api.au.badgr.io/public/assertions/znfDGZf8R2e2IZ0ytdrPyg/image
2025-05-14T22:00:00Z,Effective Leadership Communication,,,,,FALSE,,email,https://api.au.badgr.io/public/assertions/aXPL8J9KTYSJLXXGROfVVQ/image
2025-05-14T22:00:00Z,Effective Leadership Communication,,,,,FALSE,,email,https://api.au.badgr.io/public/assertions/JRw9pSibRz6WnNaWuYJ_nQ/image
2025-05-14T22:00:00Z,Effective Leadership Communication,,,,,FALSE,,email,https://api.au.badgr.io/public/assertions/Tf_5L9KgRk680FhP8iAFGA/image
2025-05-14T22:00:00Z,Effective Leadership Communication,,,,,FALSE,,email,https://api.au.badgr.io/public/assertions/9ap14jzxRIOqkjWHLJ7ccA/image
2025-05-14T22:00:00Z,Effective Leadership Communication,,,,,FALSE,,email,https://api.au.badgr.io/public/assertions/4gu7U6G7RKWVV57YC5p3sw/image
2025-05-14T22:00:00Z,Effective Leadership Communication,,,,,FALSE,,email,https://api.au.badgr.io/public/assertions/mvKdfH0qTvqv2_xq5m8oCg/image
2025-05-14T22:00:00Z,Effective Leadership Communication,,,,,FALSE,,email,https://api.au.badgr.io/public/assertions/fFS6G5cfRM6fcUasBZD3GQ/image
2025-05-14T22:00:00Z,Effective Leadership Communication,,,,,FALSE,,email,https://api.au.badgr.io/public/assertions/Ibh42UlFR16r1gWQpNKr5w/image
2025-05-14T22:00:00Z,Effective Leadership Communication,,,,,FALSE,,email,https://api.au.badgr.io/public/assertions/VyBduARHRYiWeoP0fG1Xug/image
2025-05-14T22:00:00Z,Effective Leadership Communication,,,,,FALSE,,email,https://api.au.badgr.io/public/assertions/RPZu_mHNQYKbQZ13kNb0Ww/image
2025-05-14T22:00:00Z,Effective Leadership Communication,,,,,FALSE,,email,https://api.au.badgr.io/public/assertions/H6-U9X5RRVO4PLLgJlWaaQ/image
2025-05-14T22:00:00Z,Microbial Genomics: Bioinformatic Analysis Basics,,,,,FALSE,,email,https://api.au.badgr.io/public/assertions/v-Kl5YkdTDGv08UMAVZf_w/image
2025-05-14T22:00:00Z,Microbial Genomics: Bioinformatic Analysis Basics,,,,,FALSE,,email,https://api.au.badgr.io/public/assertions/eQNH9a-wSsW7UE1ZfOz71A/image
2025-05-14T22:00:00Z,Microbial Genomics: Bioinformatic Analysis Basics,,,,,FALSE,,email,https://api.au.badgr.io/public/assertions/f37dOTwvRuOxLcy6K_uSjw/image
2025-05-14T22:00:00Z,Microbial Genomics: Bioinformatic Analysis Basics,,,,,TRUE,Manually revoked by Issuer,email,https://api.au.badgr.io/public/assertions/A47jcFb7Qe-ZIKG3BJlo7Q/image
2025-05-14T22:00:00Z,Microbial Genomics: Bioinformatic Analysis Basics,,,,,FALSE,,email,https://api.au.badgr.io/public/assertions/cFPFw4QdTBuQbUfRLrZN5A/image
2025-05-14T22:00:00Z,Microbial Genomics: Bioinformatic Analysis Basics,,,,,FALSE,,email,https://api.au.badgr.io/public/assertions/vm1gTfbDToC8Vl1nTyAV1g/image
2025-05-14T22:00:00Z,Microbial Genomics: Bioinformatic Analysis Basics,,,,,FALSE,,email,https://api.au.badgr.io/public/assertions/WVyp_tKJT96IRow8cJh1xw/image
2025-05-14T22:00:00Z,Microbial Genomics: Bioinformatic Analysis Basics,,,,,FALSE,,email,https://api.au.badgr.io/public/assertions/_ONz5u3QTpK72EGXR-a2Pw/image
2025-05-14T22:00:00Z,Microbial Genomics: Bioinformatic Analysis Basics,,,,,FALSE,,email,https://api.au.badgr.io/public/assertions/5JRw71Q_SJWQXCS_50scRQ/image
2025-05-14T22:00:00Z,Microbial Genomics: Bioinformatic Analysis Basics,,,,,FALSE,,email,https://api.au.badgr.io/public/assertions/LI5ZpNWkSt-WVyzkg_6vjA/image
2025-05-14T22:00:00Z,Microbial Genomics: Bioinformatic Analysis Basics,,,,,FALSE,,email,https://api.au.badgr.io/public/assertions/901qXK5GTuehQSOMnYyX2A/image
2025-05-14T22:00:00Z,Microbial Genomics: Bioinformatic Analysis Basics,,,,,TRUE,Manually revoked by Issuer,email,https://api.au.badgr.io/public/assertions/VrqNtwSvQke-zm-ixUdHYA/image
2025-05-14T22:00:00Z,Microbial Genomics: Bioinformatic Analysis Basics,,,,,FALSE,,email,https://api.au.badgr.io/public/assertions/cXnziL3tSTGK3JxXNAmbiw/image
2025-05-14T22:00:00Z,Microbial Genomics: Bioinformatic Analysis Basics,,,,,FALSE,,email,https://api.au.badgr.io/public/assertions/Jm5Y11P8QFupMA45V6RLfg/image
2025-05-14T22:00:00Z,Microbial Genomics: Bioinformatic Analysis Basics,,,,,FALSE,,email,https://api.au.badgr.io/public/assertions/2U6nPXU7TEKs3HW0-9EKVA/image
2025-05-14T22:00:00Z,Microbial Genomics: Bioinformatic Analysis Basics,,,,,FALSE,,email,https://api.au.badgr.io/public/assertions/Y_yoeQn2QPCkX-tES9Sxjw/image
2025-05-14T22:00:00Z,Microbial Genomics: Bioinformatic Analysis Basics,,,,,FALSE,,email,https://api.au.badgr.io/public/assertions/CFVMsIbRRRGc2xGqrOiPOg/image
2025-05-14T22:00:00Z,Microbial Genomics: Bioinformatic Analysis Basics,,,,,FALSE,,email,https://api.au.badgr.io/public/assertions/TAtUoB9pQNqMOACx4D7Ujg/image
2025-05-14T22:00:00Z,Microbial Genomics: Bioinformatic Analysis Basics,,,,,FALSE,,email,https://api.au.badgr.io/public/assertions/zRBk-P5WQECe49H2DwhO5g/image
2025-05-14T22:00:00Z,Microbial Genomics: Bioinformatic Analysis Basics,,,,,TRUE,Manually revoked by Issuer,email,https://api.au.badgr.io/public/assertions/ahtSRrRFSf6YMvSEcXkGgQ/image
2025-05-14T22:00:00Z,Microbial Genomics: Bioinformatic Analysis Basics,,,,,FALSE,,email,https://api.au.badgr.io/public/assertions/P3XmvORASB-Z-RiTAxBkvw/image
2025-05-14T22:00:00Z,Microbial Genomics: Bioinformatic Analysis Basics,,,,,FALSE,,email,https://api.au.badgr.io/public/assertions/Rgev2FY3TNycFzsz4Kqwbg/image
2025-05-12T22:00:00Z,Assessment of Bushfire Exposure,,,2035-05-13T07:00:00Z,,FALSE,,email,https://api.au.badgr.io/public/assertions/ZWfmDJ-tT1Ch_wEfp6Tj8Q/image
2025-05-12T22:00:00Z,Assessment of Bushfire Exposure,,,2035-05-13T07:00:00Z,,TRUE,Manually revoked by Issuer,email,https://api.au.badgr.io/public/assertions/SSwfWGIQQYiU6ph8aKvd7g/image
2025-05-12T22:00:00Z,Assessment of Bushfire Exposure,,,2035-05-13T07:00:00Z,,FALSE,,email,https://api.au.badgr.io/public/assertions/0p3GRU9QQo-ffYUmVtCaPg/image
2025-05-12T22:00:00Z,Assessment of Bushfire Exposure,,,2035-05-13T07:00:00Z,,FALSE,,email,https://api.au.badgr.io/public/assertions/dPVzTLfgTf-8E7Stxr6sDw/image
2025-05-12T22:00:00Z,Assessment of Bushfire Exposure,,,2035-05-13T07:00:00Z,,FALSE,,email,https://api.au.badgr.io/public/assertions/UgkGURsDSQCHipjqlrbU0g/image
2025-05-12T22:00:00Z,Assessment of Bushfire Exposure,,,2035-05-13T07:00:00Z,,FALSE,,email,https://api.au.badgr.io/public/assertions/1sW_hcdQR62jbxpmILPtOA/image
2025-05-12T22:00:00Z,Assessment of Bushfire Exposure,,,,,FALSE,,email,https://api.au.badgr.io/public/assertions/RASV3aiMRRqt3I-qtCRhYA/image
2025-05-12T22:00:00Z,Assessment of Bushfire Exposure,,,2035-05-13T07:00:00Z,,FALSE,,email,https://api.au.badgr.io/public/assertions/GGPSrN8DQ1-RlKlg1yfK5Q/image
2025-05-12T22:00:00Z,Introduction to the Ethics of Artificial Intelligence,,,,,FALSE,,email,https://api.au.badgr.io/public/assertions/mvv-_V9PRlOTy8WJo8df6Q/image
2025-05-12T22:00:00Z,Introduction to the Ethics of Artificial Intelligence,,,,,FALSE,,email,https://api.au.badgr.io/public/assertions/TTwnOHjTSq-cpdK5zCmQXg/image
2025-05-12T22:00:00Z,Introduction to the Ethics of Artificial Intelligence,,,,,FALSE,,email,https://api.au.badgr.io/public/assertions/ZJs5HKKsRiK4RIl3_g-Q1A/image
2025-05-12T22:00:00Z,Introduction to the Ethics of Artificial Intelligence,,,,,FALSE,,email,https://api.au.badgr.io/public/assertions/j1ESRsAgS6CwAgIsffkZpA/image
2025-05-12T22:00:00Z,Introduction to the Ethics of Artificial Intelligence,,,,,FALSE,,email,https://api.au.badgr.io/public/assertions/Pe4KwuMmR7Stc2I7AXhLfg/image
2025-05-12T22:00:00Z,Introduction to the Ethics of Artificial Intelligence,,,,,FALSE,,email,https://api.au.badgr.io/public/assertions/lJaER40ITvmwxy4iRK482A/image
2025-05-12T22:00:00Z,Introduction to the Ethics of Artificial Intelligence,,,,,FALSE,,email,https://api.au.badgr.io/public/assertions/Irg60E8WSPqyCepsGuznMQ/image
2025-05-12T22:00:00Z,Introduction to the Ethics of Artificial Intelligence,,,,,FALSE,,email,https://api.au.badgr.io/public/assertions/0rLJYXJhR2mbb0wG0TX4ug/image
2025-05-12T22:00:00Z,Introduction to the Ethics of Artificial Intelligence,,,,,FALSE,,email,https://api.au.badgr.io/public/assertions/hdNYQkscRXqeTiNMZyiI4A/image
2025-05-05T22:00:00Z,Foundations of AI in Healthcare,,,,,FALSE,,email,https://api.au.badgr.io/public/assertions/BlSL1BfQR9O6h7A-vn2Vtw/image
2025-04-28T22:00:00Z,Leading Teams,,,,,FALSE,,email,https://api.au.badgr.io/public/assertions/M_mM-RWeRZ2MIk8rgIuCQg/image
2025-04-28T22:00:00Z,Leading Teams,,,,,FALSE,,email,https://api.au.badgr.io/public/assertions/IP7RsytoTP6AquoVaSMubg/image
2025-04-28T22:00:00Z,Leading Teams,,,,,FALSE,,email,https://api.au.badgr.io/public/assertions/07aIViVqRy-uf3e-PssF1w/image
2025-04-28T22:00:00Z,Leading Teams,,,,,FALSE,,email,https://api.au.badgr.io/public/assertions/uF899vOHSCG8U11ptsBwJA/image
2025-04-28T22:00:00Z,Leading Teams,,,,,FALSE,,email,https://api.au.badgr.io/public/assertions/jVJbQ_jgT3qdLcW2-MVg6w/image
2025-04-28T22:00:00Z,Leading Teams,,,,,FALSE,,email,https://api.au.badgr.io/public/assertions/C9ztHXSTQaeNoMkyapw7zg/image
2025-04-28T22:00:00Z,Leading Teams,,,,,FALSE,,email,https://api.au.badgr.io/public/assertions/r359WK8HQ1G7ez7M5a7Unw/image
2025-04-28T22:00:00Z,Leading Teams,,,,,FALSE,,email,https://api.au.badgr.io/public/assertions/Z7PvCTOrQ8CNF3KWCKlnLQ/image
2025-04-28T22:00:00Z,Leading Teams,,,,,FALSE,,email,https://api.au.badgr.io/public/assertions/lW4xrR9UT3W2boF3Bb3hXw/image
2025-04-28T22:00:00Z,Leading Teams,,,,,FALSE,,email,https://api.au.badgr.io/public/assertions/BFjRU7mBTkOgPTnMD4MGvA/image
2025-04-28T22:00:00Z,Leading Teams,,,,,FALSE,,email,https://api.au.badgr.io/public/assertions/t4QpGy4oRYO0bICywhkbPQ/image
2025-04-28T22:00:00Z,Leading Teams,,,,,FALSE,,email,https://api.au.badgr.io/public/assertions/wPTenZ6QTaO42wjgv0yJ1Q/image
2025-04-28T22:00:00Z,Leading Teams,,,,,FALSE,,email,https://api.au.badgr.io/public/assertions/zj2kSDz4T0K6I3JMXtj7Qw/image
2025-04-28T22:00:00Z,Leading Teams,,,,,FALSE,,email,https://api.au.badgr.io/public/assertions/U7nZKj2eR427FyKl3YtP4Q/image
2025-04-28T22:00:00Z,Leading Teams,,,,,FALSE,,email,https://api.au.badgr.io/public/assertions/WphRjKVoQTy5kmRWeDheAA/image
2025-04-28T22:00:00Z,Leading Teams,,,,,FALSE,,email,https://api.au.badgr.io/public/assertions/2UhVRGX9R4ib3QK-uvf1fA/image
2025-04-28T22:00:00Z,Leading Teams,,,,,FALSE,,email,https://api.au.badgr.io/public/assertions/AAqBpgJTSWSvKvQxtHpKcw/image
2025-04-28T22:00:00Z,Leading Teams,,,,,FALSE,,email,https://api.au.badgr.io/public/assertions/e0lk4rCoTJ6A2KsTvoJXZg/image
2025-04-28T22:00:00Z,Leading Teams,,,,,FALSE,,email,https://api.au.badgr.io/public/assertions/qPrW2XNHS46XoyCl5LMxjQ/image
2025-04-15T22:00:00Z,Introduction to Network Monitoring,,,,,FALSE,,email,https://api.au.badgr.io/public/assertions/M7RVvM_EQ_G1iDjJCjErFA/image
2025-04-15T22:00:00Z,Introduction to Network Monitoring,,,,,FALSE,,email,https://api.au.badgr.io/public/assertions/Lb-wDvqgQUqe7muJ09xRRA/image
2025-04-15T22:00:00Z,Introduction to Network Monitoring,,,,,FALSE,,email,https://api.au.badgr.io/public/assertions/229qkMLpRka6qqJklYyiRA/image
2025-04-15T22:00:00Z,Introduction to Network Monitoring,,,,,FALSE,,email,https://api.au.badgr.io/public/assertions/5on3t9PzRx6Mtov90xz8mQ/image
2025-04-15T22:00:00Z,Introduction to Network Monitoring,,,,,FALSE,,email,https://api.au.badgr.io/public/assertions/29YvaraWSHK9HDkLvMECkQ/image
2025-04-15T22:00:00Z,Introduction to Network Monitoring,,,,,FALSE,,email,https://api.au.badgr.io/public/assertions/qZUnt2SSSICihNAAPKLhAA/image
2025-04-15T22:00:00Z,Introduction to Network Monitoring,,,,,FALSE,,email,https://api.au.badgr.io/public/assertions/gs0agZgfQPCed0_tLRD9RQ/image
2025-04-15T22:00:00Z,Introduction to Network Monitoring,,,,,FALSE,,email,https://api.au.badgr.io/public/assertions/VFpLxxdqTEGzudLmhgiAQg/image
2025-04-15T22:00:00Z,Introduction to Network Monitoring,,,,,FALSE,,email,https://api.au.badgr.io/public/assertions/WulojzjFRnCFccSi7zPB_w/image
2025-04-15T22:00:00Z,Introduction to Network Monitoring,,,,,FALSE,,email,https://api.au.badgr.io/public/assertions/CMf-sj6TQZa_qYq-h6xang/image
2025-04-15T22:00:00Z,Introduction to Network Monitoring,,,,,FALSE,,email,https://api.au.badgr.io/public/assertions/ABBHHUFmQ1-V_voAcVaFvg/image
2025-04-15T22:00:00Z,Introduction to Network Monitoring,,,,,FALSE,,email,https://api.au.badgr.io/public/assertions/qd9uhSP3Th2-LvwvuFIzlQ/image
2025-04-15T22:00:00Z,Introduction to Network Monitoring,,,,,FALSE,,email,https://api.au.badgr.io/public/assertions/8EJ8d9T5S7iGV0mDkh14WQ/image
2025-04-15T22:00:00Z,Introduction to Network Monitoring,,,,,FALSE,,email,https://api.au.badgr.io/public/assertions/zbHk4aKURjiEyU-0DKKoqw/image
2025-04-15T22:00:00Z,Introduction to Network Monitoring,,,,,FALSE,,email,https://api.au.badgr.io/public/assertions/tIcLCUMXQfiph1WelJn9Sw/image
2025-04-15T22:00:00Z,Introduction to Network Monitoring,,,,,FALSE,,email,https://api.au.badgr.io/public/assertions/etZ2ofhNTSanhTTaR-HDzw/image
2025-04-15T22:00:00Z,Introduction to Network Monitoring,,,,,FALSE,,email,https://api.au.badgr.io/public/assertions/Nv-rEv9FSMqR-jHJKecV_w/image
2025-04-15T22:00:00Z,Introduction to Network Monitoring,,,,,FALSE,,email,https://api.au.badgr.io/public/assertions/JL0udpPyTdqkAMsJZSniMw/image
2025-04-15T22:00:00Z,Introduction to Network Monitoring,,,,,FALSE,,email,https://api.au.badgr.io/public/assertions/t3TdtysyRR-GXp2H2sR9Dw/image
2025-04-15T22:00:00Z,Introduction to Network Monitoring,,,,,FALSE,,email,https://api.au.badgr.io/public/assertions/DW_QvautTeCrqUTNyNWpvQ/image
2025-04-15T22:00:00Z,Introduction to Network Monitoring,,,,,FALSE,,email,https://api.au.badgr.io/public/assertions/pzPTorYZSnqQhK5A1Tvz1A/image
2025-04-15T22:00:00Z,Introduction to Network Monitoring,,,,,FALSE,,email,https://api.au.badgr.io/public/assertions/SCkBduYjSRCDtNCdbgEc0g/image
2025-04-15T22:00:00Z,Introduction to Network Monitoring,,,,,FALSE,,email,https://api.au.badgr.io/public/assertions/RwKxn8SRQS-gCYkZrll5gg/image
2025-04-15T22:00:00Z,Introduction to Network Monitoring,,,,,FALSE,,email,https://api.au.badgr.io/public/assertions/HYhMDkq5REyw4SY7waqM1A/image
2025-04-15T22:00:00Z,Introduction to Network Monitoring,,,,,FALSE,,email,https://api.au.badgr.io/public/assertions/0SpZTLuRQkqBx8Iqhamh2Q/image
2025-04-15T22:00:00Z,Introduction to Network Monitoring,,,,,FALSE,,email,https://api.au.badgr.io/public/assertions/s_4JOdfWQh6XjocQuTWf0w/image
2025-04-15T22:00:00Z,Introduction to Network Monitoring,,,,,FALSE,,email,https://api.au.badgr.io/public/assertions/JwkaxGUzRVyaUNALYYL5dg/image
2025-04-15T22:00:00Z,Introduction to Network Monitoring,,,,,FALSE,,email,https://api.au.badgr.io/public/assertions/yZDaf_0BTUm4E0o88sTczA/image
2025-04-15T22:00:00Z,Introduction to Network Monitoring,,,,,FALSE,,email,https://api.au.badgr.io/public/assertions/53g2Ejp2Sh2WAmzY1S5v1w/image
2025-04-15T22:00:00Z,Introduction to Network Monitoring,,,,,FALSE,,email,https://api.au.badgr.io/public/assertions/A8tesNWETUCl8nspAdaMgA/image
2025-04-15T22:00:00Z,Introduction to Network Monitoring,,,,,FALSE,,email,https://api.au.badgr.io/public/assertions/fNsLG8XASQulk4F2iEzfBg/image
2025-04-15T22:00:00Z,Introduction to Network Monitoring,,,,,FALSE,,email,https://api.au.badgr.io/public/assertions/kwGQyJA8Q4iaxV5JyMJxSg/image
2025-04-15T22:00:00Z,Introduction to Network Monitoring,,,,,FALSE,,email,https://api.au.badgr.io/public/assertions/wqzMc_AvSDyuEoNo4CmUgQ/image
2025-04-15T22:00:00Z,Introduction to Network Monitoring,,,,,FALSE,,email,https://api.au.badgr.io/public/assertions/_vXQ18xdTB2STJdIfC6HDA/image
2025-04-15T22:00:00Z,Introduction to Network Monitoring,,,,,FALSE,,email,https://api.au.badgr.io/public/assertions/hYeY5iGoTQyho7KbSFKveQ/image
2025-04-15T22:00:00Z,Introduction to Network Monitoring,,,,,FALSE,,email,https://api.au.badgr.io/public/assertions/dxpcFm-LTGerbds7cMD6wQ/image
2025-04-15T22:00:00Z,Introduction to Network Monitoring,,,,,FALSE,,email,https://api.au.badgr.io/public/assertions/y167QXJ2RaugzM9FjocrXg/image
2025-04-15T22:00:00Z,Introduction to Network Monitoring,,,,,FALSE,,email,https://api.au.badgr.io/public/assertions/8VZF5mk0SEetahLqAPeYxQ/image
2025-04-15T22:00:00Z,Introduction to Network Monitoring,,,,,FALSE,,email,https://api.au.badgr.io/public/assertions/SZN96-naScSIg_HLlyF_kA/image
2025-04-15T22:00:00Z,Introduction to Network Monitoring,,,,,FALSE,,email,https://api.au.badgr.io/public/assertions/msVHwn0zQhOwAV4q9eEOcg/image
2025-04-09T22:00:00Z,Nationhood and Self-Determination,,,,,FALSE,,email,https://api.au.badgr.io/public/assertions/5rHpMsXRT5WQmPDudsqcfw/image
2025-04-03T13:00:00Z,Microbial Genomics: DNA Sequencing Basics,,,,,FALSE,,email,https://api.au.badgr.io/public/assertions/mzW3TKcfTkOpgQd99w-8vA/image
2025-04-03T13:00:00Z,Microbial Genomics: DNA Sequencing Basics,,,,,FALSE,,email,https://api.au.badgr.io/public/assertions/s_XB8O9zQnG0OOPAzlUERw/image
2025-04-03T13:00:00Z,Microbial Genomics: DNA Sequencing Basics,,,,,FALSE,,email,https://api.au.badgr.io/public/assertions/L2VM6OY-TliEmosekpEOgQ/image
2025-04-03T13:00:00Z,Microbial Genomics: DNA Sequencing Basics,,,,,FALSE,,email,https://api.au.badgr.io/public/assertions/6JtvJwkmSeOSTXTUowRchw/image
2025-04-03T13:00:00Z,Microbial Genomics: DNA Sequencing Basics,,,,,FALSE,,email,https://api.au.badgr.io/public/assertions/Hke9VlfMSteAed-JzNMX8w/image
2025-04-03T13:00:00Z,Microbial Genomics: DNA Sequencing Basics,,,,,FALSE,,email,https://api.au.badgr.io/public/assertions/ehehQpPMRnyOvO2D5x87vA/image
2025-04-03T13:00:00Z,Microbial Genomics: DNA Sequencing Basics,,,,,FALSE,,email,https://api.au.badgr.io/public/assertions/IudRUbx1TVW9HKfv6ujfgA/image
2025-04-03T13:00:00Z,Microbial Genomics: DNA Sequencing Basics,,,,,FALSE,,email,https://api.au.badgr.io/public/assertions/dxeagCSwR22Ge6r-8TbNBA/image
2025-04-03T13:00:00Z,Microbial Genomics: DNA Sequencing Basics,,,,,FALSE,,email,https://api.au.badgr.io/public/assertions/buCeszz4Qv6YugiufQ3z4g/image
2025-04-03T13:00:00Z,Microbial Genomics: DNA Sequencing Basics,,,,,FALSE,,email,https://api.au.badgr.io/public/assertions/acugHqBuRr-_DxWXiwhb0g/image
2025-04-03T13:00:00Z,Microbial Genomics: DNA Sequencing Basics,,,,,FALSE,,email,https://api.au.badgr.io/public/assertions/GM8VjgH7Qgq9i4KLYW59TQ/image
2025-04-03T13:00:00Z,Microbial Genomics: DNA Sequencing Basics,,,,,FALSE,,email,https://api.au.badgr.io/public/assertions/OXybzMMKTc6OaOkgfCV0yQ/image
2025-04-03T13:00:00Z,Microbial Genomics: DNA Sequencing Basics,,,,,FALSE,,email,https://api.au.badgr.io/public/assertions/qGz9MT3ASZKgZFuYEx5w3g/image
2025-04-03T13:00:00Z,Microbial Genomics: DNA Sequencing Basics,,,,,FALSE,,email,https://api.au.badgr.io/public/assertions/FwkPB108Qo6dzpT7G0ZTWQ/image
2025-04-03T13:00:00Z,Microbial Genomics: DNA Sequencing Basics,,,,,FALSE,,email,https://api.au.badgr.io/public/assertions/uCpCPRALQxqepuaTyxpqng/image
2025-04-03T13:00:00Z,Microbial Genomics: DNA Sequencing Basics,,,,,FALSE,,email,https://api.au.badgr.io/public/assertions/hxp0-6DXQY-ewn5DIl-kzw/image
2025-04-03T13:00:00Z,Microbial Genomics: DNA Sequencing Basics,,,,,FALSE,,email,https://api.au.badgr.io/public/assertions/-bKwFBeGTAGIzQPfJgnvMw/image
2025-04-03T13:00:00Z,Microbial Genomics: DNA Sequencing Basics,,,,,FALSE,,email,https://api.au.badgr.io/public/assertions/sRx9AH6ZTgK6SRWKa1O7UQ/image
2025-04-03T13:00:00Z,Microbial Genomics: DNA Sequencing Basics,,,,,FALSE,,email,https://api.au.badgr.io/public/assertions/uSP2n9z8SLKgLb7Evww_-w/image
2025-04-03T13:00:00Z,Microbial Genomics: DNA Sequencing Basics,,,,,FALSE,,email,https://api.au.badgr.io/public/assertions/pcminc_AQdualnx_mp0RHg/image
2025-04-03T13:00:00Z,Microbial Genomics: DNA Sequencing Basics,,,,,FALSE,,email,https://api.au.badgr.io/public/assertions/pzBktl3OSYGz08Tjw4l6mQ/image
2025-04-03T13:00:00Z,Microbial Genomics: DNA Sequencing Basics,,,,,FALSE,,email,https://api.au.badgr.io/public/assertions/nBt2YkpuS-q1BLV3BcmYrw/image
2025-04-03T13:00:00Z,Microbial Genomics: DNA Sequencing Basics,,,,,FALSE,,email,https://api.au.badgr.io/public/assertions/eo-yk6UFRFq_H8kFsXQkMA/image
2025-04-03T13:00:00Z,Microbial Genomics: DNA Sequencing Basics,,,,,FALSE,,email,https://api.au.badgr.io/public/assertions/Ly43IUykQoKl1GHFmpkPFg/image
2025-04-03T13:00:00Z,Microbial Genomics: DNA Sequencing Basics,,,,,FALSE,,email,https://api.au.badgr.io/public/assertions/naO_eRiOTk-fgEcrQ88JLw/image
2025-03-25T21:00:00Z,Engineering Management: Risk and Economic Analysis,,,,,FALSE,,email,https://api.au.badgr.io/public/assertions/WoG925C8TH6ByoFKzZpQNw/image
2025-03-25T21:00:00Z,Engineering Management: Risk and Economic Analysis,,,,,FALSE,,email,https://api.au.badgr.io/public/assertions/n_wJJ5EiRoOCNgA9nf0fTw/image
2025-03-25T21:00:00Z,Engineering Management: Risk and Economic Analysis,,,,,FALSE,,email,https://api.au.badgr.io/public/assertions/QUr6ZexaQ363bZ6plbrAwQ/image
2025-03-25T21:00:00Z,Engineering Management: Risk and Economic Analysis,,,,,FALSE,,email,https://api.au.badgr.io/public/assertions/lgcDs7JtRQSWavF67NPgpw/image
2025-03-25T21:00:00Z,Engineering Management: Risk and Economic Analysis,,,,,FALSE,,email,https://api.au.badgr.io/public/assertions/dlQIF1yeSFCdr7DYj0JGkw/image
2025-03-25T21:00:00Z,Engineering Management: Risk and Economic Analysis,,,,,FALSE,,email,https://api.au.badgr.io/public/assertions/49BrFZeTQy6A26ebo1wgkA/image
2025-03-25T21:00:00Z,Engineering Management: Risk and Economic Analysis,,,,,FALSE,,email,https://api.au.badgr.io/public/assertions/9FGF0KCdSZWgEuavVLjIvg/image
2025-03-25T21:00:00Z,Engineering Management: Risk and Economic Analysis,,,,,FALSE,,email,https://api.au.badgr.io/public/assertions/y1oB7T4iSOe43HBTg1L8YA/image
2025-03-25T21:00:00Z,Engineering Management: Risk and Economic Analysis,,,,,FALSE,,email,https://api.au.badgr.io/public/assertions/K99HDnO-QOGul4bwZ4_nOw/image
2025-03-25T21:00:00Z,Engineering Management: Risk and Economic Analysis,,,,,FALSE,,email,https://api.au.badgr.io/public/assertions/zptZ3lxsTdaR5L8NH-fzRQ/image
2025-03-25T21:00:00Z,Engineering Management: Risk and Economic Analysis,,,,,FALSE,,email,https://api.au.badgr.io/public/assertions/XlTuUWe7Romo7BWFFRSX4Q/image
2025-03-25T21:00:00Z,Engineering Management: Risk and Economic Analysis,,,,,FALSE,,email,https://api.au.badgr.io/public/assertions/wvm78NA_SQS_Z6gP2iPiOA/image
2025-03-25T21:00:00Z,Engineering Management: Risk and Economic Analysis,,,,,FALSE,,email,https://api.au.badgr.io/public/assertions/dMFY8IsFTbaSnkrBohF7SA/image
2025-03-25T21:00:00Z,Engineering Management: Risk and Economic Analysis,,,,,FALSE,,email,https://api.au.badgr.io/public/assertions/9CdiYxaTR3uJT-yjOorS6Q/image
2025-03-25T21:00:00Z,Engineering Management: Risk and Economic Analysis,,,,,FALSE,,email,https://api.au.badgr.io/public/assertions/bsX3I8yZRq2BDsY1_7dXsQ/image
2025-03-25T21:00:00Z,Engineering Management: Risk and Economic Analysis,,,,,FALSE,,email,https://api.au.badgr.io/public/assertions/gqzd9v8IQ7Gec2dM9oRsAQ/image
2025-03-25T21:00:00Z,Engineering Management: Risk and Economic Analysis,,,,,FALSE,,email,https://api.au.badgr.io/public/assertions/KpzUbtYnRCi-K0DnnrDJSw/image
2025-03-25T21:00:00Z,Engineering Management: Risk and Economic Analysis,,,,,FALSE,,email,https://api.au.badgr.io/public/assertions/MdGntDRcQe6xx7_vquRrTA/image
2025-03-25T21:00:00Z,Engineering Management: Risk and Economic Analysis,,,,,FALSE,,email,https://api.au.badgr.io/public/assertions/2o1h5clHQIuMUyIeY5ngyg/image
2025-03-25T21:00:00Z,Engineering Management: Risk and Economic Analysis,,,,,FALSE,,email,https://api.au.badgr.io/public/assertions/2HAQdTI1QkCCgdT6d2-Wpw/image
2025-03-25T21:00:00Z,Engineering Management: Risk and Economic Analysis,,,,,FALSE,,email,https://api.au.badgr.io/public/assertions/eqDROmaJR0esFKdvekecVg/image
2025-03-25T21:00:00Z,Engineering Management: Risk and Economic Analysis,,,,,FALSE,,email,https://api.au.badgr.io/public/assertions/Q6IvEelMTZa_7eeFbkbQRA/image
2025-03-25T21:00:00Z,Engineering Management: Risk and Economic Analysis,,,,,FALSE,,email,https://api.au.badgr.io/public/assertions/L-xg4N78QICorS8b7c01Fg/image
2025-03-25T21:00:00Z,Engineering Management: Risk and Economic Analysis,,,,,FALSE,,email,https://api.au.badgr.io/public/assertions/_GoLw77ERfqehyeZscam3g/image
2025-03-19T13:00:00Z,Building Resilience to Disinformation and Malign Influence,,,,,FALSE,,email,https://api.au.badgr.io/public/assertions/Lrdk2FeeTBarDqpLlUPGPg/image
2025-03-19T13:00:00Z,Building Resilience to Disinformation and Malign Influence,,,,,FALSE,,email,https://api.au.badgr.io/public/assertions/nF_74p5hS6GQGW8ZOlwukA/image
2025-03-19T13:00:00Z,Building Resilience to Disinformation and Malign Influence,,,,,FALSE,,email,https://api.au.badgr.io/public/assertions/5hFjkPGvSSinMN4sa7V0gw/image
2025-03-19T13:00:00Z,Building Resilience to Disinformation and Malign Influence,,,,,FALSE,,email,https://api.au.badgr.io/public/assertions/HjRHRobIRfad_1BCjCAfMQ/image
2025-03-19T13:00:00Z,Building Resilience to Disinformation and Malign Influence,,,,,FALSE,,email,https://api.au.badgr.io/public/assertions/BC15nGYZQ2aeSkpODSDb8A/image
2025-03-19T13:00:00Z,Building Resilience to Disinformation and Malign Influence,,,,,FALSE,,email,https://api.au.badgr.io/public/assertions/-P930PsrSf-XTxeyGpcv3g/image
2025-03-19T13:00:00Z,Building Resilience to Disinformation and Malign Influence,,,,,FALSE,,email,https://api.au.badgr.io/public/assertions/m5Mvo_ZaSz-U6IqHtUN6lg/image
2025-03-19T13:00:00Z,Building Resilience to Disinformation and Malign Influence,,,,,FALSE,,email,https://api.au.badgr.io/public/assertions/80cL0II4TM2Z31SayNXPdw/image
2025-03-19T13:00:00Z,Building Resilience to Disinformation and Malign Influence,,,,,FALSE,,email,https://api.au.badgr.io/public/assertions/oaqacdrFRbySOxaSLC-cCw/image
2025-03-19T13:00:00Z,Building Resilience to Disinformation and Malign Influence,,,,,FALSE,,email,https://api.au.badgr.io/public/assertions/-ZkfKV2cSNOF1ncVKbNk1g/image
2025-03-19T13:00:00Z,Building Resilience to Disinformation and Malign Influence,,,,,FALSE,,email,https://api.au.badgr.io/public/assertions/sVDB8_HTTn-_oL-h44tR7Q/image
2025-03-19T13:00:00Z,Building Resilience to Disinformation and Malign Influence,,,,,FALSE,,email,https://api.au.badgr.io/public/assertions/s_43At3ASGOEdLVSyCyiMA/image
2025-03-19T13:00:00Z,Building Resilience to Disinformation and Malign Influence,,,,,FALSE,,email,https://api.au.badgr.io/public/assertions/75X6UWupRwaksMoHdKrAwg/image
2025-03-19T13:00:00Z,Building Resilience to Disinformation and Malign Influence,,,,,FALSE,,email,https://api.au.badgr.io/public/assertions/Z24zak1pRDmBzshEcO6hYA/image
2025-03-19T13:00:00Z,Building Resilience to Disinformation and Malign Influence,,,,,FALSE,,email,https://api.au.badgr.io/public/assertions/1vnfBAxSQeig4CG-EsJRlA/image
2025-03-19T13:00:00Z,Building Resilience to Disinformation and Malign Influence,,,,,FALSE,,email,https://api.au.badgr.io/public/assertions/neaIxOjbSRqa4NsuR30zOg/image
2025-03-19T13:00:00Z,Building Resilience to Disinformation and Malign Influence,,,,,FALSE,,email,https://api.au.badgr.io/public/assertions/4JufvpVSSuiwFVNqECSDbw/image
2025-03-19T13:00:00Z,Building Resilience to Disinformation and Malign Influence,,,,,FALSE,,email,https://api.au.badgr.io/public/assertions/5fiPudjrQJmeXQWSgROnvw/image
2025-03-19T13:00:00Z,Building Resilience to Disinformation and Malign Influence,,,,,FALSE,,email,https://api.au.badgr.io/public/assertions/g47DzgZCTvG3AouSMvG_0g/image
2025-03-19T13:00:00Z,Building Resilience to Disinformation and Malign Influence,,,,,FALSE,,email,https://api.au.badgr.io/public/assertions/MdJsYMGwS-KKlrhDkwCxig/image
2025-03-19T13:00:00Z,Building Resilience to Disinformation and Malign Influence,,,,,FALSE,,email,https://api.au.badgr.io/public/assertions/Vn5C9IEgQ5S-wnof7SV_cg/image
2025-03-19T13:00:00Z,Building Resilience to Disinformation and Malign Influence,,,,,FALSE,,email,https://api.au.badgr.io/public/assertions/rtgVLWE-RDaP4ZKz-oLqdQ/image
2025-03-19T13:00:00Z,Building Resilience to Disinformation and Malign Influence,,,,,FALSE,,email,https://api.au.badgr.io/public/assertions/fw3swtY3QQWjFFb-UvwHJQ/image
2025-03-19T13:00:00Z,Building Resilience to Disinformation and Malign Influence,,,,,FALSE,,email,https://api.au.badgr.io/public/assertions/Zd87y8XJRvGTMGDjF8YItg/image
2025-03-19T13:00:00Z,Building Resilience to Disinformation and Malign Influence,,,,,FALSE,,email,https://api.au.badgr.io/public/assertions/WtwEGk1ETOOr-p-mdt-hFg/image
2025-03-19T13:00:00Z,Building Resilience to Disinformation and Malign Influence,,,,,FALSE,,email,https://api.au.badgr.io/public/assertions/_tiG6If_TbyF6TZyvhDbAg/image
2025-03-19T13:00:00Z,Building Resilience to Disinformation and Malign Influence,,,,,FALSE,,email,https://api.au.badgr.io/public/assertions/LCgw9w2HTT-fIxZdscBaVw/image
2025-03-19T13:00:00Z,Building Resilience to Disinformation and Malign Influence,,,,,FALSE,,email,https://api.au.badgr.io/public/assertions/LFBrnCynS7GFFCvHFZixCg/image
2025-03-19T13:00:00Z,Building Resilience to Disinformation and Malign Influence,,,,,FALSE,,email,https://api.au.badgr.io/public/assertions/EgZuh9PuQk-7fhnEIwQxgw/image
2025-03-19T13:00:00Z,Building Resilience to Disinformation and Malign Influence,,,,,FALSE,,email,https://api.au.badgr.io/public/assertions/w1YYfOwbRCOn72M9AR23ZA/image
2025-03-19T13:00:00Z,Building Resilience to Disinformation and Malign Influence,,,,,FALSE,,email,https://api.au.badgr.io/public/assertions/ArfCi6PzTdiIfCZy0IjEzg/image
2025-03-19T13:00:00Z,Building Resilience to Disinformation and Malign Influence,,,,,FALSE,,email,https://api.au.badgr.io/public/assertions/ZsHZJV2CSJiFzF2aWQqaJQ/image
2025-03-19T13:00:00Z,Building Resilience to Disinformation and Malign Influence,,,,,TRUE,Manually revoked by Issuer,email,https://api.au.badgr.io/public/assertions/64wBoNlLS-ingnWYdcRzIQ/image
2025-03-19T13:00:00Z,Building Resilience to Disinformation and Malign Influence,,,,,TRUE,Manually revoked by Issuer,email,https://api.au.badgr.io/public/assertions/xtM1NvYvQTunM6x_fuNbHQ/image
2025-03-19T13:00:00Z,Building Resilience to Disinformation and Malign Influence,,,,,TRUE,Manually revoked by Issuer,email,https://api.au.badgr.io/public/assertions/EDUgs4WOQFSbQryw7w7tIw/image
2025-03-19T13:00:00Z,Building Resilience to Disinformation and Malign Influence,,,,,TRUE,Manually revoked by Issuer,email,https://api.au.badgr.io/public/assertions/HfqTzIz9Ru6J3VYQjCZNbQ/image
2025-03-19T13:00:00Z,Building Resilience to Disinformation and Malign Influence,,,,,TRUE,Manually revoked by Issuer,email,https://api.au.badgr.io/public/assertions/vZjAL4fNTEakgUYyw01Ctg/image
2025-03-19T13:00:00Z,Building Resilience to Disinformation and Malign Influence,,,,,TRUE,Manually revoked by Issuer,email,https://api.au.badgr.io/public/assertions/YuSR-x3kT3KmyVO3fdcSgw/image
2025-03-19T13:00:00Z,Building Resilience to Disinformation and Malign Influence,,,,,TRUE,Manually revoked by Issuer,email,https://api.au.badgr.io/public/assertions/vQSYMoXzRqeRF2eQYZpmQg/image
2025-03-19T13:00:00Z,Building Resilience to Disinformation and Malign Influence,,,,,TRUE,Manually revoked by Issuer,email,https://api.au.badgr.io/public/assertions/iWaILHnUQjm4Rp4GQEIWXw/image
2025-03-19T13:00:00Z,Building Resilience to Disinformation and Malign Influence,,,,,TRUE,Manually revoked by Issuer,email,https://api.au.badgr.io/public/assertions/BUm0QVjWSLe654ifxY3m6w/image
2025-03-19T13:00:00Z,Building Resilience to Disinformation and Malign Influence,,,,,TRUE,Manually revoked by Issuer,email,https://api.au.badgr.io/public/assertions/a99F8wl7Ti2K7nA9vgeezg/image
2025-03-19T13:00:00Z,Building Resilience to Disinformation and Malign Influence,,,,,TRUE,Manually revoked by Issuer,email,https://api.au.badgr.io/public/assertions/LG4OD-ujRqyNNEP8CQPCYQ/image
2025-03-19T13:00:00Z,Building Resilience to Disinformation and Malign Influence,,,,,TRUE,Manually revoked by Issuer,email,https://api.au.badgr.io/public/assertions/6Hxk-P-HQr--vFavrjfgJQ/image
2025-03-19T13:00:00Z,Building Resilience to Disinformation and Malign Influence,,,,,TRUE,Manually revoked by Issuer,email,https://api.au.badgr.io/public/assertions/ZIhniUfbTUW0I_ZiHjid0w/image
2025-03-19T13:00:00Z,Building Resilience to Disinformation and Malign Influence,,,,,TRUE,Manually revoked by Issuer,email,https://api.au.badgr.io/public/assertions/8yxvDLfIQ9WtFi9ZYBKCHw/image
2025-03-19T13:00:00Z,Building Resilience to Disinformation and Malign Influence,,,,,TRUE,Manually revoked by Issuer,email,https://api.au.badgr.io/public/assertions/7rE9NIqfTIeRTdqbaOomgg/image
2025-03-19T13:00:00Z,Building Resilience to Disinformation and Malign Influence,,,,,TRUE,Manually revoked by Issuer,email,https://api.au.badgr.io/public/assertions/Kc8lEi86S5eT8S-1XWwb_g/image
2025-03-19T13:00:00Z,Building Resilience to Disinformation and Malign Influence,,,,,TRUE,Manually revoked by Issuer,email,https://api.au.badgr.io/public/assertions/cwD5pftjQqKanK4-Qvo5IQ/image
2025-03-19T13:00:00Z,Building Resilience to Disinformation and Malign Influence,,,,,TRUE,Manually revoked by Issuer,email,https://api.au.badgr.io/public/assertions/d_-9VzcIT2aLHQU3s2bY-w/image
2025-03-19T13:00:00Z,Building Resilience to Disinformation and Malign Influence,,,,,TRUE,Manually revoked by Issuer,email,https://api.au.badgr.io/public/assertions/QEHFRUvHQHSv9aoHsux9Ew/image
2025-03-19T13:00:00Z,Building Resilience to Disinformation and Malign Influence,,,,,TRUE,Manually revoked by Issuer,email,https://api.au.badgr.io/public/assertions/QKWSEE_SRCS_uLzEaHpjnw/image
2025-03-19T13:00:00Z,Building Resilience to Disinformation and Malign Influence,,,,,TRUE,Manually revoked by Issuer,email,https://api.au.badgr.io/public/assertions/W74ktOeXQjeViP7rgH6iBg/image
2025-03-19T13:00:00Z,Building Resilience to Disinformation and Malign Influence,,,,,TRUE,Manually revoked by Issuer,email,https://api.au.badgr.io/public/assertions/zpnPnT8-RT-GD7e7sK04Zw/image
2025-03-19T13:00:00Z,Building Resilience to Disinformation and Malign Influence,,,,,TRUE,Manually revoked by Issuer,email,https://api.au.badgr.io/public/assertions/23R0NAQ3RAy1oHhFj0_duA/image
2025-03-19T13:00:00Z,Building Resilience to Disinformation and Malign Influence,,,,,TRUE,Manually revoked by Issuer,email,https://api.au.badgr.io/public/assertions/DxN_NKRiSk-1oqL4jRErMQ/image
2025-03-19T13:00:00Z,Building Resilience to Disinformation and Malign Influence,,,,,TRUE,Manually revoked by Issuer,email,https://api.au.badgr.io/public/assertions/4W2swjDWQFiJ27VoX-6OfQ/image
2025-03-19T13:00:00Z,Building Resilience to Disinformation and Malign Influence,,,,,TRUE,Manually revoked by Issuer,email,https://api.au.badgr.io/public/assertions/3Npquq1zQWCVp6xJ1utBBA/image
2025-03-19T13:00:00Z,Building Resilience to Disinformation and Malign Influence,,,,,TRUE,Manually revoked by Issuer,email,https://api.au.badgr.io/public/assertions/DG6-egplRpCChMVm7yfgMg/image
2025-03-19T13:00:00Z,Building Resilience to Disinformation and Malign Influence,,,,,TRUE,Manually revoked by Issuer,email,https://api.au.badgr.io/public/assertions/owFw3ilKTjOfP3EmXZDWcA/image
2025-03-19T13:00:00Z,Building Resilience to Disinformation and Malign Influence,,,,,TRUE,Manually revoked by Issuer,email,https://api.au.badgr.io/public/assertions/Tq2CT5nnTn6XLjtcArfFYQ/image
2025-03-19T13:00:00Z,Building Resilience to Disinformation and Malign Influence,,,,,TRUE,Manually revoked by Issuer,email,https://api.au.badgr.io/public/assertions/bAUF7yARRciGyGekETZaVA/image
2025-03-19T13:00:00Z,Building Resilience to Disinformation and Malign Influence,,,,,TRUE,Manually revoked by Issuer,email,https://api.au.badgr.io/public/assertions/-MtA8tf-St-GFgL53uvtGw/image
2025-03-19T13:00:00Z,Building Resilience to Disinformation and Malign Influence,,,,,TRUE,Manually revoked by Issuer,email,https://api.au.badgr.io/public/assertions/U7KzFVN9T461cVNHRPyUjw/image
2025-02-25T21:00:00Z,"Stolen Generations, Truth-Telling and Treaty",,,,,FALSE,,email,https://api.au.badgr.io/public/assertions/WV9ltTy_SsGMurM3j5NtRw/image
2025-02-23T21:00:00Z,"Recognition, Reconciliation, Refusal",,,,,FALSE,,email,https://api.au.badgr.io/public/assertions/9oT-P_cgQFayqGspxuRJ9g/image
2025-02-23T21:00:00Z,Lawful Relations with Indigenous Peoples,,,,,FALSE,,email,https://api.au.badgr.io/public/assertions/tBB0WVneTpGI1L9gUYc_2Q/image
2025-02-13T21:00:00Z,People and Change in Agriculture,,,,,FALSE,,email,https://api.au.badgr.io/public/assertions/yK75_HN3RQ6Z4x2YDQ2q7Q/image
2025-02-03T21:00:00Z,PBS: Specialist Forensic Disability Practice,,,,,FALSE,,email,https://api.au.badgr.io/public/assertions/BlL_v2JPTxajagEe4xcDMg/image
2025-02-03T21:00:00Z,PBS: Specialist Forensic Disability Practice,STUD_223,,,,FALSE,,email,https://api.au.badgr.io/public/assertions/UxK25OnVTgyFxXmwoPef-w/image
2025-02-03T21:00:00Z,PBS: Specialist Forensic Disability Practice,,,,,FALSE,,email,https://api.au.badgr.io/public/assertions/vipZqURtTziXRJTGzV_cIw/image
2025-02-03T13:00:00Z,PBS: Specialist Forensic Disability Practice,,,,,FALSE,,email,https://api.au.badgr.io/public/assertions/1edY5AKVTTiOgryzbOkixA/image
2025-02-03T13:00:00Z,PBS: Specialist Forensic Disability Practice,,,,,FALSE,,email,https://api.au.badgr.io/public/assertions/AYQ5C-sZRxiJFve1dxGurw/image
2025-02-03T13:00:00Z,PBS: Specialist Forensic Disability Practice,STUD_406,,,,FALSE,,email,https://api.au.badgr.io/public/assertions/_rjz0b5mSliA_xsUexzudA/image
2025-02-03T13:00:00Z,PBS: Specialist Forensic Disability Practice,,,,,FALSE,,email,https://api.au.badgr.io/public/assertions/W8hkshreSgW7pX6givx2cA/image
2025-02-03T13:00:00Z,PBS: Specialist Forensic Disability Practice,,,,,FALSE,,email,https://api.au.badgr.io/public/assertions/m0TUI0dSSTC247_4P50QWA/image
2025-02-03T13:00:00Z,PBS: Specialist Forensic Disability Practice,,,,,FALSE,,email,https://api.au.badgr.io/public/assertions/CkKCkX6ITCCa6rm7j4FWlQ/image
2025-02-03T13:00:00Z,PBS: Specialist Forensic Disability Practice,,,,,FALSE,,email,https://api.au.badgr.io/public/assertions/gGTWkQRUT8KtrXOYc8enYQ/image
2025-02-03T13:00:00Z,PBS: Specialist Forensic Disability Practice,,,,,FALSE,,email,https://api.au.badgr.io/public/assertions/uZuRMTZNRo6v6Oy0FjG3dA/image
2025-02-03T13:00:00Z,PBS: Specialist Forensic Disability Practice,,,,,FALSE,,email,https://api.au.badgr.io/public/assertions/F1nhOczHSxyNFBMLmM3-BQ/image
2025-02-03T13:00:00Z,PBS: Specialist Forensic Disability Practice,,,,,FALSE,,email,https://api.au.badgr.io/public/assertions/dcLii_q0T_6PWB81LRKGoQ/image
2025-02-03T13:00:00Z,PBS: Specialist Forensic Disability Practice,,,,,FALSE,,email,https://api.au.badgr.io/public/assertions/ZPk78h-YSQOTJqQMvUhbrQ/image
2025-02-03T13:00:00Z,PBS: Specialist Forensic Disability Practice,,,,,FALSE,,email,https://api.au.badgr.io/public/assertions/JEGHlliBTGqyEXrkVomhGw/image
2025-02-03T13:00:00Z,PBS: Specialist Forensic Disability Practice,,,,,FALSE,,email,https://api.au.badgr.io/public/assertions/drolWh8IRbW9EwnUns-0gg/image
2025-02-03T13:00:00Z,PBS: Specialist Forensic Disability Practice,STUD_162,,,,FALSE,,email,https://api.au.badgr.io/public/assertions/5beZzRzySN2n46YGfOUJcg/image
2025-02-03T13:00:00Z,PBS: Specialist Forensic Disability Practice,,,,,FALSE,,email,https://api.au.badgr.io/public/assertions/zkMsWTGTRAGeQ-m0BycgCQ/image
2025-02-03T13:00:00Z,PBS: Specialist Forensic Disability Practice,,,,,FALSE,,email,https://api.au.badgr.io/public/assertions/3r0WqdA0TTqnggyREzhRnA/image
2025-02-03T13:00:00Z,PBS: Specialist Forensic Disability Practice,,,,,FALSE,,email,https://api.au.badgr.io/public/assertions/0412J86WTYWjbtMRs53h4Q/image
2025-02-03T13:00:00Z,PBS: Specialist Forensic Disability Practice,,,,,FALSE,,email,https://api.au.badgr.io/public/assertions/rmjB7QjXRni9Q2DSiwSLdA/image
2025-02-03T13:00:00Z,PBS: Specialist Forensic Disability Practice,,,,,FALSE,,email,https://api.au.badgr.io/public/assertions/urb3JOhlTdOC_XvgcA6ngA/image
2025-02-03T13:00:00Z,PBS: Specialist Forensic Disability Practice,,,,,FALSE,,email,https://api.au.badgr.io/public/assertions/xVWEQPqETAqDScicpcvVEg/image
2025-02-03T13:00:00Z,PBS: Specialist Forensic Disability Practice,,,,,FALSE,,email,https://api.au.badgr.io/public/assertions/3k9f3H6qRYeKzdE3wNIqvQ/image
2025-02-03T13:00:00Z,PBS: Specialist Forensic Disability Practice,,,,,FALSE,,email,https://api.au.badgr.io/public/assertions/tU1FoEgJTomIVQshAKrghg/image
2025-02-03T13:00:00Z,PBS: Specialist Forensic Disability Practice,,,,,FALSE,,email,https://api.au.badgr.io/public/assertions/jfKZihNgQciwOgv6mlFMHw/image
2025-01-21T13:00:00Z,"Stolen Generations, Truth-Telling and Treaty",,,,,FALSE,,email,https://api.au.badgr.io/public/assertions/GceQMccCR9KyS-T64Qt5RA/image
2025-01-21T13:00:00Z,"Stolen Generations, Truth-Telling and Treaty",,,,,FALSE,,email,https://api.au.badgr.io/public/assertions/MKwy3kYiRzaCVOoRx--O2A/image
2025-01-21T13:00:00Z,"Stolen Generations, Truth-Telling and Treaty",,,,,FALSE,,email,https://api.au.badgr.io/public/assertions/uG9QRmmkTICaN8I_hEjPcA/image
2025-01-21T13:00:00Z,"Stolen Generations, Truth-Telling and Treaty",STUD_220,,,,FALSE,,email,https://api.au.badgr.io/public/assertions/dHZ63G7vQgSofkGNBcftcA/image
2025-01-21T13:00:00Z,"Stolen Generations, Truth-Telling and Treaty",,,,,FALSE,,email,https://api.au.badgr.io/public/assertions/rPG9v4LyS2S5LlTPkGwWkg/image
2025-01-21T13:00:00Z,"Stolen Generations, Truth-Telling and Treaty",,,,,FALSE,,email,https://api.au.badgr.io/public/assertions/aiSkYYiqSNKcv4E51n2Vrg/image
2025-01-21T13:00:00Z,"Stolen Generations, Truth-Telling and Treaty",,,,,FALSE,,email,https://api.au.badgr.io/public/assertions/2dEsaCiISouwQftQlLUztQ/image
2025-01-21T13:00:00Z,"Stolen Generations, Truth-Telling and Treaty",,,,,FALSE,,email,https://api.au.badgr.io/public/assertions/u_kEimnuSGGCOckbsYUG-w/image
2025-01-21T13:00:00Z,"Stolen Generations, Truth-Telling and Treaty",STUD_087,,,,FALSE,,email,https://api.au.badgr.io/public/assertions/hIERNpdMSPG15M7bwDPq0w/image
2025-01-21T13:00:00Z,"Stolen Generations, Truth-Telling and Treaty",,,,,FALSE,,email,https://api.au.badgr.io/public/assertions/FRiEbw6bTIKXE7Ph7y6SsA/image
2025-01-21T13:00:00Z,"Stolen Generations, Truth-Telling and Treaty",,,,,FALSE,,email,https://api.au.badgr.io/public/assertions/SMeKJa1USi2U4UZLQPmQdQ/image
2025-01-21T13:00:00Z,"Stolen Generations, Truth-Telling and Treaty",,,,,FALSE,,email,https://api.au.badgr.io/public/assertions/qLFYoPN_QLSnpPAwFg-tyg/image
2025-01-21T13:00:00Z,"Stolen Generations, Truth-Telling and Treaty",STUD_176,,,,FALSE,,email,https://api.au.badgr.io/public/assertions/_KihsCfbRmGSvDV8kX8HNA/image
2025-01-21T13:00:00Z,"Stolen Generations, Truth-Telling and Treaty",,,,,FALSE,,email,https://api.au.badgr.io/public/assertions/wopYn98TTZKKdqxURFO-Fg/image
2025-01-21T13:00:00Z,"Stolen Generations, Truth-Telling and Treaty",,,,,FALSE,,email,https://api.au.badgr.io/public/assertions/RydE8X7CQDatjD_80z2qUg/image
2025-01-21T13:00:00Z,"Stolen Generations, Truth-Telling and Treaty",,,,,FALSE,,email,https://api.au.badgr.io/public/assertions/XsA7CEURS_GHeSGBdY8E_w/image
2025-01-21T13:00:00Z,"Stolen Generations, Truth-Telling and Treaty",,,,,FALSE,,email,https://api.au.badgr.io/public/assertions/ispXi020RIiMgATKm5stjA/image
2025-01-21T13:00:00Z,"Stolen Generations, Truth-Telling and Treaty",,,,,FALSE,,email,https://api.au.badgr.io/public/assertions/L9zi7z7mRxyiFqttIm3Fvg/image
2025-01-21T13:00:00Z,"Stolen Generations, Truth-Telling and Treaty",,,,,FALSE,,email,https://api.au.badgr.io/public/assertions/WWNSLx7cQO6sjmjx85qNnQ/image
2025-01-21T13:00:00Z,"Stolen Generations, Truth-Telling and Treaty",STUD_051,,,,FALSE,,email,https://api.au.badgr.io/public/assertions/WffmHBozSKuLvVEyfCAwDA/image
2025-01-21T13:00:00Z,"Stolen Generations, Truth-Telling and Treaty",,,,,FALSE,,email,https://api.au.badgr.io/public/assertions/Bh57PsnNQDaa9S-iWXgLZA/image
2025-01-21T13:00:00Z,"Stolen Generations, Truth-Telling and Treaty",,,,,FALSE,,email,https://api.au.badgr.io/public/assertions/q91AgOe5So-a8Gionhb-4A/image
2025-01-21T13:00:00Z,"Stolen Generations, Truth-Telling and Treaty",,,,,FALSE,,email,https://api.au.badgr.io/public/assertions/BDpw_LYiRnGneBHvqryU2w/image
2025-01-21T13:00:00Z,"Stolen Generations, Truth-Telling and Treaty",,,,,FALSE,,email,https://api.au.badgr.io/public/assertions/EUHvT-U7TMqGm8fflh118g/image
2025-01-21T13:00:00Z,"Stolen Generations, Truth-Telling and Treaty",STUD_302,,,,FALSE,,email,https://api.au.badgr.io/public/assertions/0ffNaCmRQbOYaxdiqy_D2g/image
2025-01-21T13:00:00Z,"Stolen Generations, Truth-Telling and Treaty",STUD_143,,,,FALSE,,email,https://api.au.badgr.io/public/assertions/sQWRhxUkTpeeY1Tj3ws24g/image
2025-01-21T13:00:00Z,"Stolen Generations, Truth-Telling and Treaty",STUD_023,,,,FALSE,,email,https://api.au.badgr.io/public/assertions/2msxnO2zThiGjzK_EENpwQ/image
2025-01-21T13:00:00Z,"Stolen Generations, Truth-Telling and Treaty",,,,,FALSE,,email,https://api.au.badgr.io/public/assertions/nwhqsuCwTfmP6r3DhMrGCg/image
2025-01-21T13:00:00Z,"Stolen Generations, Truth-Telling and Treaty",,,,,FALSE,,email,https://api.au.badgr.io/public/assertions/M0BAwArOTvmtu3bjOXN06Q/image
2025-01-21T13:00:00Z,"Stolen Generations, Truth-Telling and Treaty",,,,,FALSE,,email,https://api.au.badgr.io/public/assertions/1WYjlfMMSn-q7vk-zzbEMg/image
2025-01-21T13:00:00Z,"Stolen Generations, Truth-Telling and Treaty",,,,,FALSE,,email,https://api.au.badgr.io/public/assertions/JrZTkRbTRRSXX6B7H2veQA/image
2025-01-21T13:00:00Z,"Stolen Generations, Truth-Telling and Treaty",STUD_017,,,,FALSE,,email,https://api.au.badgr.io/public/assertions/uLXbudjYQ3uXG0isR7Oi-Q/image
2025-01-21T13:00:00Z,"Stolen Generations, Truth-Telling and Treaty",,,,,FALSE,,email,https://api.au.badgr.io/public/assertions/Ej5sbQDsTe2dN9daQ3228w/image
2025-01-21T13:00:00Z,"Stolen Generations, Truth-Telling and Treaty",STUD_031,,,,FALSE,,email,https://api.au.badgr.io/public/assertions/y8xT77A_Saqc1FrnxsxAyw/image
2025-01-21T13:00:00Z,"Stolen Generations, Truth-Telling and Treaty",STUD_245,,,,FALSE,,email,https://api.au.badgr.io/public/assertions/99MIqagYQ8mZeClw4kg47A/image
2025-01-21T13:00:00Z,"Stolen Generations, Truth-Telling and Treaty",STUD_331,,,,FALSE,,email,https://api.au.badgr.io/public/assertions/Z-lEg0HESOaKwgYNrZ8hTQ/image
2025-01-21T13:00:00Z,"Stolen Generations, Truth-Telling and Treaty",,,,,FALSE,,email,https://api.au.badgr.io/public/assertions/zKAwzU5cSJuCMV3bfz39nw/image
2025-01-21T13:00:00Z,"Stolen Generations, Truth-Telling and Treaty",,,,,FALSE,,email,https://api.au.badgr.io/public/assertions/XbWwphTaTaqBdM5CEVN48w/image
2025-01-21T13:00:00Z,"Stolen Generations, Truth-Telling and Treaty",,,,,FALSE,,email,https://api.au.badgr.io/public/assertions/s5lrYUikQ_mJ6Hl_zUtxJg/image
2025-01-21T13:00:00Z,"Stolen Generations, Truth-Telling and Treaty",,,,,FALSE,,email,https://api.au.badgr.io/public/assertions/lc-bLEGCSB-0QB10F91WEA/image
2025-01-21T13:00:00Z,"Stolen Generations, Truth-Telling and Treaty",,,,,FALSE,,email,https://api.au.badgr.io/public/assertions/8oftjnycTxGOZA4XvQRjGg/image
2025-01-21T13:00:00Z,"Stolen Generations, Truth-Telling and Treaty",STUD_047,,,,FALSE,,email,https://api.au.badgr.io/public/assertions/lcfg-xI2SEKk-KcUt0i9Hg/image
2025-01-21T13:00:00Z,"Stolen Generations, Truth-Telling and Treaty",,,,,FALSE,,email,https://api.au.badgr.io/public/assertions/J3bu6QWCRN-XtAWQgnN9uA/image
2025-01-21T13:00:00Z,"Stolen Generations, Truth-Telling and Treaty",,,,,FALSE,,email,https://api.au.badgr.io/public/assertions/aUBXgCyrTPaHpFr_w8NXxQ/image
2025-01-21T13:00:00Z,"Stolen Generations, Truth-Telling and Treaty",STUD_018,,,,FALSE,,email,https://api.au.badgr.io/public/assertions/hAso7dAJTFWqfscGIwVojQ/image
2025-01-21T13:00:00Z,"Stolen Generations, Truth-Telling and Treaty",,,,,FALSE,,email,https://api.au.badgr.io/public/assertions/40nSFw56RYeThfNa3n1vpA/image
2025-01-21T13:00:00Z,"Stolen Generations, Truth-Telling and Treaty",,,,,FALSE,,email,https://api.au.badgr.io/public/assertions/8TB9FIOBR2mn4RqgcWZZbw/image
2025-01-21T13:00:00Z,"Recognition, Reconciliation, Refusal",,,,,FALSE,,email,https://api.au.badgr.io/public/assertions/H-hjYKgiTRWOyd6YRi9v7Q/image
2025-01-21T13:00:00Z,"Recognition, Reconciliation, Refusal",,,,,FALSE,,email,https://api.au.badgr.io/public/assertions/nVnJy1MMSOCdJ4CeDn-_Tg/image
2025-01-21T13:00:00Z,"Recognition, Reconciliation, Refusal",,,,,FALSE,,email,https://api.au.badgr.io/public/assertions/-pqHz_WOR0-oFG6N4-NTqg/image
2025-01-21T13:00:00Z,"Recognition, Reconciliation, Refusal",,,,,FALSE,,email,https://api.au.badgr.io/public/assertions/SAiGpHuHTl-U8moAIdj9uA/image
2025-01-21T13:00:00Z,"Recognition, Reconciliation, Refusal",,,,,FALSE,,email,https://api.au.badgr.io/public/assertions/C21YFPjZR5SxsGpCCZNTpQ/image
2025-01-21T13:00:00Z,"Recognition, Reconciliation, Refusal",,,,,FALSE,,email,https://api.au.badgr.io/public/assertions/WLdA2w_6TnuxOeVJTB6--w/image
2025-01-21T13:00:00Z,"Recognition, Reconciliation, Refusal",,,,,FALSE,,email,https://api.au.badgr.io/public/assertions/4LvAITChSnuYE8adFugLEQ/image
2025-01-21T13:00:00Z,"Recognition, Reconciliation, Refusal",,,,,FALSE,,email,https://api.au.badgr.io/public/assertions/g0DUS-o3QxqPjdI03TWLiQ/image
2025-01-21T13:00:00Z,"Recognition, Reconciliation, Refusal",,,,,FALSE,,email,https://api.au.badgr.io/public/assertions/bp5Tva9mQyWhLbdd-bpBlg/image
2025-01-21T13:00:00Z,"Recognition, Reconciliation, Refusal",,,,,FALSE,,email,https://api.au.badgr.io/public/assertions/vdTjZgz6QgG6JowW1PTV-w/image
2025-01-21T13:00:00Z,"Recognition, Reconciliation, Refusal",,,,,FALSE,,email,https://api.au.badgr.io/public/assertions/S2k1WDnnSI6vz_i7dljLWw/image
2025-01-21T13:00:00Z,"Recognition, Reconciliation, Refusal",,,,,FALSE,,email,https://api.au.badgr.io/public/assertions/qEolTfGVRYKcMPjtAcXgEg/image
2025-01-21T13:00:00Z,"Recognition, Reconciliation, Refusal",,,,,FALSE,,email,https://api.au.badgr.io/public/assertions/3RfrPOYWScGZM-ZQIb9Mng/image
2025-01-21T13:00:00Z,"Recognition, Reconciliation, Refusal",,,,,FALSE,,email,https://api.au.badgr.io/public/assertions/tFUXn94hTUq3HmkTlevgnQ/image
2025-01-21T13:00:00Z,"Recognition, Reconciliation, Refusal",,,,,FALSE,,email,https://api.au.badgr.io/public/assertions/O9knNoy-SO2CxD3YjAILTA/image
2025-01-21T13:00:00Z,"Recognition, Reconciliation, Refusal",,,,,FALSE,,email,https://api.au.badgr.io/public/assertions/e303ArOyTcCMDJDK232mhw/image
2025-01-20T21:00:00Z,"Stolen Generations, Truth-Telling and Treaty",,,,,FALSE,,email,https://api.au.badgr.io/public/assertions/pu0qIiB6S8GkMWS7gEO-6Q/image
2025-01-20T21:00:00Z,"Stolen Generations, Truth-Telling and Treaty",,,,,FALSE,,email,https://api.au.badgr.io/public/assertions/Rp5G5G-YT02uQ01Q_vutAg/image
2025-01-20T13:00:00Z,"Stolen Generations, Truth-Telling and Treaty",,,,,FALSE,,email,https://api.au.badgr.io/public/assertions/dLUu-LYhTRS0osd8L1hruw/image
2025-01-20T13:00:00Z,"Stolen Generations, Truth-Telling and Treaty",,,,,FALSE,,email,https://api.au.badgr.io/public/assertions/fD16VtWZS_mcnrXAbdjmwA/image
2025-01-20T13:00:00Z,"Stolen Generations, Truth-Telling and Treaty",,,,,FALSE,,email,https://api.au.badgr.io/public/assertions/3bbO_lmvR-6cmf3UJ8YCvA/image
2025-01-20T13:00:00Z,"Stolen Generations, Truth-Telling and Treaty",,,,,FALSE,,email,https://api.au.badgr.io/public/assertions/n58wUo9aQe-KkeCe8athEg/image
2025-01-20T13:00:00Z,"Stolen Generations, Truth-Telling and Treaty",,,,,FALSE,,email,https://api.au.badgr.io/public/assertions/v0T_akgbQ_i4EMjEs2Y5Ig/image
2025-01-20T13:00:00Z,"Stolen Generations, Truth-Telling and Treaty",,,,,FALSE,,email,https://api.au.badgr.io/public/assertions/_ITcymzhQXCclu91IqIPfA/image
2025-01-20T13:00:00Z,"Stolen Generations, Truth-Telling and Treaty",,,,,FALSE,,email,https://api.au.badgr.io/public/assertions/LYVM9EwpSHiUrmWozuZw7Q/image
2025-01-20T13:00:00Z,"Stolen Generations, Truth-Telling and Treaty",,,,,FALSE,,email,https://api.au.badgr.io/public/assertions/X3uGPruxQceUKYouyXhL8g/image
2025-01-20T13:00:00Z,"Stolen Generations, Truth-Telling and Treaty",,,,,FALSE,,email,https://api.au.badgr.io/public/assertions/3531tQ5uSXaMXlXd2pVcIQ/image
2025-01-20T13:00:00Z,"Stolen Generations, Truth-Telling and Treaty",,,,,FALSE,,email,https://api.au.badgr.io/public/assertions/CIth77__R2yaABIiaVgfjg/image
2025-01-20T13:00:00Z,"Stolen Generations, Truth-Telling and Treaty",,,,,FALSE,,email,https://api.au.badgr.io/public/assertions/RR7gSHzWRlahvTZ8SoqO6g/image
2025-01-20T13:00:00Z,"Stolen Generations, Truth-Telling and Treaty",,,,,FALSE,,email,https://api.au.badgr.io/public/assertions/TAZIybLlS3WiU0Pi3fox8w/image
2025-01-20T13:00:00Z,"Stolen Generations, Truth-Telling and Treaty",,,,,FALSE,,email,https://api.au.badgr.io/public/assertions/Op5WBlp_S32Rg-yYdkhwgg/image
2025-01-15T21:00:00Z,Effective Leadership Communication,,,,,FALSE,,email,https://api.au.badgr.io/public/assertions/am8ElQsXQ--AkRUzl6NIxw/image
